sampleID,Latitude,Longitude
1,38.021,87.4535
2,38.021,87.4535
3,38.021,87.4535
4,38.021,87.4535
5,38.021,87.4535
6,38.021,87.4535
7,40.67397,88.76789
8,40.67395,88.76769
9,40.67391,88.76744
10,40.67384,88.7668
11,40.67312,88.76827
12,40.67307,88.76795
13,40.67304,88.76775
14,40.67301,88.76731
15,40.67234,88.7689
16,40.67229,88.76869
17,40.67234,88.76816
18,40.6723,88.76794
19,40.67371,88.76665
20,40.67321,88.76698
21,40.67237,88.76747
22,45.68504,95.8031
23,45.68504,95.8032
24,45.68504,95.8033
25,45.68504,95.8034
26,45.68504,95.8035
27,45.68504,95.8037
28,45.68504,95.8038
29,45.68504,95.8039
30,45.68504,95.804
31,45.68504,95.8041
32,45.68504,95.8043
33,45.68504,95.8044
34,45.68475,95.8031
35,45.68475,95.8032
36,45.68475,95.8033
37,45.68475,95.8034
38,45.68475,95.8035
39,45.68475,95.8037
40,45.68475,95.8038
41,45.68475,95.8039
42,45.68475,95.804
43,45.68475,95.8041
44,45.68475,95.8043
45,45.68475,95.8044
46,45.68447,95.8031
47,45.68447,95.8032
48,45.68447,95.8033
49,45.68447,95.8044
50,45.6842,95.8031
51,45.6842,95.8032
52,45.6842,95.8038
53,45.6842,95.8039
54,45.6842,95.804
55,45.6842,95.8041
56,45.6842,95.8043
57,45.6842,95.8044
58,45.68391,95.8031
59,45.68391,95.8032
60,45.68391,95.8033
61,45.68391,95.8044
62,45.68391,95.8031
63,45.68391,95.8032
64,45.68391,95.8038
65,45.68391,95.8039
66,45.68391,95.804
67,45.68391,95.8041
68,45.68391,95.8043
69,45.68391,95.8044
70,39.3537,85.4062
71,39.3537,85.4062
72,39.3537,85.4062
73,39.3537,85.4062
74,39.3537,85.4062
75,39.3537,85.4062
76,39.1038,85.4062
77,39.1038,85.4062
78,39.1038,85.1023
79,38.7695,87.1912
80,38.7695,87.1912
81,38.7695,87.1912
82,38.7695,87.1912
83,38.7695,87.1912
84,38.7695,87.1912
85,38.7695,87.1912
86,38.7695,87.1912
87,38.7695,87.1912
88,38.3783,86.904
89,38.3783,86.904
90,39.173,85.345
91,39.173,85.345
92,39.173,85.345
93,39.173,85.345
94,39.173,85.345
95,39.173,85.345
96,40.174,85.746
97,40.174,85.746
98,40.174,85.746
99,40.174,85.746
100,40.174,85.746
101,40.174,85.746
102,40.829,85.799
103,40.829,85.799
104,40.829,85.799
105,40.829,85.799
106,40.829,85.799
107,40.829,85.799
108,41.214,85.726
109,41.214,85.726
110,41.214,85.726
111,41.214,85.726
112,41.214,85.726
113,41.214,85.726
114,41.214,85.726
115,41.214,85.726
116,41.214,85.726
117,43.890326,-70.101396
118,43.890326,-70.101396
119,43.890326,-70.101396
120,43.890326,-70.101396
121,43.890326,-70.101396
122,43.890326,-70.101396
123,43.890326,-70.101396
124,43.890326,-70.101396
125,43.890326,-70.101396
126,43.890326,-70.101396
127,43.890326,-70.101396
128,43.890326,-70.101396
129,43.890326,-70.101396
130,43.890326,-70.101396
131,43.890326,-70.101396
132,43.890326,-70.101396
133,40.895,85.027
134,40.895,85.027
135,40.895,85.027
136,40.895,85.027
137,40.6965,86.216
138,40.6965,86.216
139,40.6965,86.216
140,40.6965,86.216
141,40.6965,86.216
142,40.6965,86.216
143,40.6965,86.216
144,40.6965,86.216
145,40.6965,86.216
146,46.7773,100.7669
147,46.7773,100.7668
148,46.7764,100.7669
149,46.7769,100.7668
150,46.7778,100.7669
151,46.7771,100.7668
152,46.7768,100.7669
153,46.7766,100.7668
154,46.7771,100.7669
155,46.7774,100.7668
156,46.7767,100.7669
157,46.7766,100.7668
158,39.095858,90.455909
159,39.095858,90.455909
160,39.095858,90.455909
161,39.095858,90.455909
162,39.095858,90.455909
163,39.095858,90.455909
164,39.095858,90.455909
165,39.095858,90.455909
166,39.095858,90.455909
167,39.095858,90.455909
168,39.095858,90.455909
169,39.095858,90.455909
170,34.770534,106.761209
171,34.770237,106.768213
172,34.770237,106.768216
173,34.76966,106.761373
174,34.77041,106.757668
175,34.770445,106.760395
176,34.70556,106.730834
177,35.129868,106.659601
178,35.129868,106.659601
179,38.32874,-121.567565
180,38.32874,-121.567565
181,38.32874,-121.567565
182,38.32874,-121.567565
183,38.32874,-121.567565
184,38.32874,-121.567565
185,46.513534,104.456789
186,46.14987,104.375471
187,38.397578,95.581083
188,41.001713,97.442508
189,38.50893,97.110783
190,40.013098,99.674078
191,40.792593,101.97269
192,47.271463,108.455642
193,47.180446,108.255596
194,43.926,111.828
195,43.943,111.809
196,39.01822,76.85686
197,39.01822,76.85686
198,39.01822,76.85686
199,39.01822,76.85686
200,39.01822,76.85686
201,39.01822,76.85686
202,39.01822,76.85686
203,39.01822,76.85686
204,39.01822,76.85686
205,39.01822,76.85686
206,39.01822,76.85686
207,39.01822,76.85686
208,42.357379,74.969132
209,42.350138,74.981928
210,43.82,76.17684
211,43.81926,76.17708
212,45.990239,99.0286
213,45.991032,99.0292
214,43.6529324,96.4811
215,43.6524981,96.4806
216,44.790281,96.594
217,44.790592,96.5939
218,45.46001134,100.053
219,45.39198733,100.02
220,44.68605397,99.3925
221,44.68629143,99.3942
222,42.3246813,79.539278
223,42.3246813,79.539278
224,43.84059,88.982622
225,42.590695,89.418892
226,44.666861,91.209477
227,42.585646,89.428553
228,44.64017,93.580686
229,44.021985,88.855898
230,44.021937,88.854949
231,44.754192,91.253757
232,44.64119,93.681088
233,48.838626,88.981214
234,41.912246,97.733542
235,40.583269,96.396685
236,39.617315,98.137017
237,37.14667,101.22124
238,44.0302,77.3217
239,40.9805,77.4571
240,41.2658,84.3424
241,41.2639,84.3419
242,41.051,83.1635
243,41.052,83.1658
244,39.5026,82.4227
245,39.5051,82.4242
246,41.1321,83.4543
247,41.1318,83.4544
248,41.248,84.3448
249,41.23,84.3748
250,41.9149,-74.0868
251,41.9147,-74.0862
252,41.9148,-74.0865
253,41.9158,-74.0792
254,41.9182,-74.0838
255,41.9181,-74.0837
256,41.9179,-74.0836
257,41.9096,-74.0942
258,41.9124,-74.0882
259,41.9125,-74.0884
260,41.9126,-74.0883
261,41.9208,-74.0786
262,41.9207,-74.0787
263,41.9208,-74.0786
264,41.9208,-74.0792
265,41.9208,-74.0791
266,41.9208,-74.0783
267,41.9194,-74.0797
268,41.9193,-74.0797
269,41.9195,-74.08
270,41.9293,-74.0802
271,41.9194,-74.0802
272,41.9191,-74.0799
273,41.9291,-74.0799
274,41.919,-74.0799
275,41.9192,-74.0799
276,41.9141,-74.0804
277,41.9191,-74.0803
278,41.919,-74.0801
279,41.9186,-74.0798
280,41.9188,-74.0803
281,41.9187,-74.0801
282,41.9187,-74.0824
283,41.9185,-74.0802
284,41.9187,-74.0806
285,41.9185,-74.0806
286,41.9185,-74.0806
287,41.9185,-74.0806
288,41.9185,-74.0808
289,41.9186,-74.0809
290,41.9185,-74.0809
291,41.9137,-74.0864
292,41.9117,-74.0814
293,41.9088,-74.0886
294,41.9089,-74.0889
295,41.9089,-74.0892
296,41.9091,-74.0884
297,41.9092,-74.0884
298,41.9091,-74.0885
299,41.9087,-74.0892
300,41.9087,-74.0891
301,41.9087,-74.0891
302,41.9127,-74.0825
303,41.9129,-74.0826
304,41.9128,-74.08255
305,41.9125,-74.0821
306,41.9126,-74.0822
307,41.9124,-74.0823
308,41.9129,-74.0827
309,41.9129,-74.0825
310,41.9129,-74.0825
311,41.9136,-74.0846
312,41.9136,-74.0846
313,41.9135,-74.0845
314,41.9135,-74.0843
315,41.9135,-74.0842
316,41.9135,-74.0842
317,41.9137,-74.0848
318,41.9138,-74.0848
319,41.9137,-74.0889
320,41.9125,-74.0913
321,42.272546,-73.598022
322,42.272546,-73.598022
323,42.272546,-73.598022
324,42.272546,-73.598022
325,42.272546,-73.598022
326,42.272546,-73.598022
327,42.272546,-73.598022
328,42.272546,-73.598022
329,42.272546,-73.598022
330,42.272546,-73.598022
331,42.272546,-73.598022
332,42.272546,-73.598022
333,42.272546,-73.598022
334,42.272546,-73.598022
335,42.272546,-73.598022
336,42.272546,-73.598022
337,42.272546,-73.598022
338,42.272546,-73.598022
339,42.272546,-73.598022
340,42.272546,-73.598022
341,42.272546,-73.598022
342,28.584599,-82.373868
343,28.584599,-82.373868
344,28.584599,-82.373868
345,28.584599,-82.373868
346,28.584599,-82.373868
347,28.584599,-82.373868
348,28.584599,-82.373868
349,28.584599,-82.373868
350,28.584599,-82.373868
351,28.584599,-82.373868
352,28.584599,-82.373868
353,28.584599,-82.373868
354,42.895193,-105.847499
355,42.895193,-105.847499
356,42.895193,-105.847499
357,42.895193,-105.847499
358,32.524547,82.124488
359,32.541687,82.103728
360,32.571388,82.073486
361,32.571388,82.073486
362,32.525424,82.071758
363,32.0023,83.093992
364,38. 102484,121.100033
365,38.102484,121.100033
366,38.102486,121.095544
367,38.102486,121.095544
368,38.10237,121.095547
369,38.102376,121.095547
370,38.102385,121.095547
371,38.102385,121.09554
372,35.97314,99.38176
373,35.85959,99.30129
374,35.858968,99.291023
375,34.401077,99.206404
376,34.43598,99.247959
377,29.05059,98.002256
378,28.90514,97.74888
379,28.93156,97.74888
380,42.71,77.952
381,42.747343,77.8899
382,35.3022,120.6674
383,35.3022,120.6674
384,35.3011,120.668
385,35.3006,120.6672
386,35.3006,120.6668
387,45.7187,118.6221
388,45.7187,118.6219
389,45.7181,118.6221
390,45.7181,118.6218
391,45.7187,118.6221
392,45.7187,118.6218
393,45.7181,118.6221
394,45.7181,118.622
395,45.7187,118.6222
396,45.7187,118.622
397,45.7181,118.6222
398,45.7181,118.6219
399,45.7188,118.6223
400,45.7186,118.6223
401,45.7182,118.6223
402,45.718,118.6223
403,45.7185,118.6227
404,45.7185,118.6227
405,45.7185,118.6227
406,45.7185,118.6225
407,45.7185,118.6226
408,45.7185,118.6226
409,45.7185,118.6225
410,45.7185,118.6225
411,45.7181,118.624
412,45.7181,118.6236
413,45.7181,118.6231
414,45.7181,118.6229
415,45.7181,118.6241
416,45.7181,118.6236
417,45.7181,118.6233
418,45.7181,118.623
419,45.7181,118.6241
420,45.7181,118.6234
421,45.7181,118.6233
422,45.7181,118.6229
423,45.7185,118.624
424,45.7185,118.6236
425,45.7185,118.6231
426,45.7185,118.6229
427,45.7185,118.6241
428,45.7185,118.6236
429,45.7185,118.6233
430,45.7185,118.623
431,45.7185,118.6241
432,45.7185,118.6234
433,45.7185,118.6233
434,45.7185,118.6229
435,39.3778,122.0155
436,39.3778,122.0155
437,39.3762,122.0161
438,39.3762,122.0161
439,38.547512,-121.80519
440,38.547512,-121.80519
441,38.547512,-121.80519
442,38.547512,-121.80519
443,38.547512,-121.80519
444,38.547512,-121.80519
445,38.547512,-121.80519
446,38.547512,-121.80519
447,38.547512,-121.80519
448,38.547512,-121.80519
449,38.547512,-121.80519
450,38.547512,-121.80519
451,38.547512,-121.80519
452,38.547512,-121.80519
453,38.547512,-121.80519
454,38.547512,-121.80519
455,38.547512,-121.80519
456,38.547512,-121.80519
457,38.547512,-121.80519
458,38.547512,-121.80519
459,38.547512,-121.80519
460,38.547512,-121.80519
461,38.547512,-121.80519
462,38.547512,-121.80519
463,38.547512,-121.80519
464,38.547512,-121.80519
465,38.547512,-121.80519
466,38.547512,-121.80519
467,38.547512,-121.80519
468,38.547512,-121.80519
469,38.547512,-121.80519
470,38.547512,-121.80519
471,38.547512,-121.80519
472,38.547512,-121.80519
473,38.547512,-121.80519
474,38.547512,-121.80519
475,38.547512,-121.80519
476,38.547512,-121.80519
477,38.547512,-121.80519
478,38.547512,-121.80519
479,38.547512,-121.80519
480,38.547512,-121.80519
481,38.547512,-121.80519
482,38.547512,-121.80519
483,38.547512,-121.80519
484,38.547512,-121.80519
485,38.547512,-121.80519
486,38.547512,-121.80519
487,38.547512,-121.80519
488,38.547512,-121.80519
489,38.547512,-121.80519
490,38.547512,-121.80519
491,38.547512,-121.80519
492,38.547512,-121.80519
493,38.547512,-121.80519
494,38.547512,-121.80519
495,38.547512,-121.80519
496,38.547512,-121.80519
497,33.82409,98.06892
498,33.82409,98.06892
499,33.82409,98.06892
500,33.84099,98.0593
501,33.84099,98.0593
502,33.84099,98.0593
503,33.84946,98.04105
504,33.84946,98.04105
505,33.84946,98.04105
506,33.86906,98.06395
507,33.86906,98.06395
508,33.86906,98.06395
509,33.82545,98.0976
510,33.82545,98.0976
511,33.82545,98.0976
512,33.82409,-98.06892
513,33.82409,-98.06892
514,33.82409,-98.06892
515,33.84099,-98.0593
516,33.84099,-98.0593
517,33.84099,-98.0593
518,33.84946,-98.04105
519,33.84946,-98.04105
520,33.84946,-98.04105
521,33.86906,-98.06395
522,33.86906,-98.06395
523,33.86906,-98.06395
524,33.82545,-98.0976
525,33.82545,-98.0976
526,33.82545,-98.0976
527,33.54237,-97.92917
528,33.54237,-97.92917
529,33.54237,-97.92917
530,33.53712,-97.92152
531,33.53712,-97.92152
532,33.53712,-97.92152
533,33.5349,-97.91049
534,33.5349,-97.91049
535,33.5349,-97.91049
536,33.53056,-97.91576
537,33.53056,-97.91576
538,33.53056,-97.91576
539,33.52978,-97.9211
540,33.52978,-97.9211
541,33.52978,-97.9211
542,33.54301,-97.90729
543,33.54301,-97.90729
544,33.54301,-97.90729
545,33.55148,-97.90404
546,33.55148,-97.90404
547,33.55148,-97.90404
548,33.51914,-97.89942
549,33.51914,-97.89942
550,33.51914,-97.89942
551,31.9005,91.15139
552,31.9005,91.15139
553,31.9005,91.15139
554,31.9005,91.15139
555,38.103514,121.95414
556,38.103632,121.95605
557,38.103588,121.95698
558,38.10307,121.10297
559,38.102724,121.10547
560,38.102724,121.95676
561,61.519,-149.08
562,61.519,-149.08
563,61.519,-149.08
564,61.519,-149.08
565,61.519,-149.08
566,61.519,-149.08
567,61.519,-149.08
568,61.519,-149.08
569,61.519,-149.08
570,61.519,-149.08
571,61.519,-149.08
572,61.519,-149.08
573,61.519,-149.08
574,61.519,-149.08
575,61.519,-149.08
576,61.519,-149.08
577,61.519,-149.08
578,61.519,-149.08
579,61.519,-149.08
580,61.519,-149.08
581,61.519,-149.08
582,61.519,-149.08
583,61.519,-149.08
584,61.519,-149.08
585,61.519,-149.08
586,61.519,-149.08
587,61.519,-149.08
588,61.519,-149.08
589,61.519,-149.08
590,61.519,-149.08
591,61.519,-149.08
592,61.519,-149.08
593,61.519,-149.08
594,61.519,-149.08
595,61.519,-149.08
596,61.519,-149.08
597,61.519,-149.08
598,61.519,-149.08
599,61.519,-149.08
600,61.519,-149.08
601,61.519,-149.08
602,61.519,-149.08
603,61.519,-149.08
604,61.519,-149.08
605,61.519,-149.08
606,61.519,-149.08
607,61.519,-149.08
608,61.519,-149.08
609,39.45510556,-118.7779694
610,39.45510556,-118.7779694
611,39.45842222,-118.7759194
612,39.45842222,-118.7759194
613,39.49045,-119.0108
614,39.49293,-119.008
615,39.6252778,-119.712222
