sampleID,sampleID.original,pH,pH.score
1,PP74,5.493,8.1
2,PP75,5.528,10.8
3,PP76,5.211,0
4,PP77,5.427,4.5
5,PP78,5.596,17.7
6,PP79,4.718,0
7,PP80,6.437,100
8,PP81,6.386,100
9,PP82,6.785,100
10,PP83,6.591,100
11,PP84,6.256,98.1
12,PP85,7.066,100
13,PP86,6.301,100
14,PP87,5.97,78
15,PP88,6.561,100
16,PP89,6.248,97.9
17,PP90,6.594,100
18,PP91,6.215,97
19,PP92,6.751,100
20,PP93,5.86,60.7
21,PP94,5.745,40.1
22,PP95,7.938,26.5
23,PP96,7.797,50.5
24,PP97,8.015,16.4
25,PP98,7.652,74.9
26,PP99,7.445,94.7
27,PP100,7.651,75.1
28,PP101,7.81,48.2
29,PP102,7.971,21.8
30,PP103,8.058,12
31,PP104,8.276,1.5
32,PP105,8.11,7.9
33,PP106,7.884,35.1
34,PP107,7.858,39.6
35,PP108,8.014,16.5
36,PP109,8.24,2.3
37,PP110,8.114,7.7
38,PP111,7.912,30.5
39,PP112,8.198,3.5
40,PP113,8.144,5.9
41,PP114,8.253,2
42,PP115,8.201,3.4
43,PP116,8.18,4.2
44,PP117,8.213,3
45,PP118,8.214,3
46,PP119,8.199,3.5
47,PP120,8.174,4.5
48,PP121,7.772,55.1
49,PP122,8.147,5.7
50,PP123,7.92,29.3
51,PP124,8.181,4.2
52,PP125,8.195,3.6
53,PP126,7.935,27
54,PP127,8.157,5.2
55,PP128,7.932,27.4
56,PP129,8.172,4.5
57,PP130,8.175,4.4
58,PP131,8.054,12.4
59,PP132,8.132,6.6
60,PP133,8.056,12.2
61,PP134,8.194,3.7
62,PP135,8.158,5.2
63,PP136,7.95,24.8
64,PP137,7.828,44.9
65,PP138,7.919,29.4
66,PP139,8.067,11.2
67,PP140,8.086,9.7
68,PP141,7.696,68.2
69,PP142,7.591,82.9
70,PP143,6.474,100
71,PP144,6.669,100
72,PP145,6.918,100
73,PP146,6.815,100
74,PP147,6.701,100
75,PP148,6.393,100
76,PP149,6.79,100
77,PP150,6.429,100
78,PP151,7.022,100
79,PP152,6.207,96.8
80,PP153,5.984,79.9
81,PP154,6.165,95.1
82,PP155,6.199,96.5
83,PP156,6.365,100
84,PP157,6.281,98.6
85,PP158,7.003,100
86,PP159,6.059,88
87,PP160,6.262,98.2
88,PP161,6.572,100
89,PP162,6.074,89.4
90,PP204,7.11,100
91,PP205,6.721,100
92,PP206,7.01,100
93,PP207,7.007,100
94,PP208,7.145,100
95,PP209,7.121,100
96,PP213,6.669,100
97,PP214,6.976,100
98,PP215,7.097,100
99,PP216,6.796,100
100,PP217,6.623,100
101,PP218,5.681,29.4
102,PP228,6.899,100
103,PP229,6.591,100
104,PP230,6.573,100
105,PP231,6.321,100
106,PP232,6.045,86.7
107,PP233,6.558,100
108,PP261,6.875,100
109,PP262,6.624,100
110,PP263,6.25,98
111,PP264,6.251,98
112,PP265,6.573,100
113,PP266,6.717,100
114,PP267,6.887,100
115,PP268,6.514,100
116,PP269,6.237,97.7
117,PP270,5.667,27.3
118,PP271,5.982,79.6
119,PP272,6.064,88.5
120,PP273,5.718,35.5
121,PP274,5.686,30.2
122,PP275,6.605,100
123,PP276,5.796,49.3
124,PP277,7.116,100
125,PP278,6.261,98.2
126,PP279,6.027,84.9
127,PP280,6.327,100
128,PP281,5.661,26.4
129,PP282,5.916,70.1
130,PP283,5.917,70.3
131,PP284,5.909,69
132,PP285,6.135,93.6
133,PP298,5.477,7.1
134,PP299,5.959,76.5
135,PP300,5.552,13
136,PP301,5.398,3.4
137,PP379,6.361,100
138,PP380,6.499,100
139,PP381,6.769,100
140,PP382,6.849,100
141,PP383,6.807,100
142,PP384,6.002,82.1
143,PP385,5.485,7.6
144,PP386,6.716,100
145,PP387,6.785,100
146,PP412,7.208,100
147,PP413,7.177,100
148,PP414,7.123,100
149,PP415,7.189,100
150,PP416,7.287,100
151,PP417,7.359,97.7
152,PP418,6.87,100
153,PP419,7.075,100
154,PP420,7.358,97.8
155,PP421,7.461,93.8
156,PP422,7.26,100
157,PP423,7.274,100
158,PP475,6.099,91.3
159,PP476,6.033,85.5
160,PP477,6.273,98.4
161,PP478,6.6,100
162,PP479,6.039,86.1
163,PP480,6.96,100
164,PP481,6.408,100
165,PP482,6.179,95.8
166,PP483,6.064,88.5
167,PP484,6.205,96.7
168,PP485,6.274,98.4
169,PP486,6.164,95.1
170,PP487,7.765,56.3
171,PP488,8.501,0
172,PP489,8.523,0
173,PP490,8.128,6.8
174,PP491,8.358,0
175,PP492,7.968,22.3
176,PP493,7.697,68
177,PP494,7.912,30.5
178,PP495,7.942,25.9
179,pp498,6.672,100
180,pp499,7.223,100
181,pp500,6.884,100
182,pp501,7.053,100
183,pp502,7.086,100
184,pp503,7.165,100
185,PP520,8.166,4.8
186,PP521,8.122,7.2
187,PP581,6.693,100
188,PP582,6.387,100
189,PP583,6.734,100
190,PP584,7.483,92.5
191,PP585,7.438,95
192,PP586,8.052,12.6
193,PP587,6.903,100
194,PP604,6.353,100
195,PP605,6.871,100
196,PP610,5.917,70.3
197,PP611,5.659,26.1
198,PP612,6.735,100
199,PP613,6.396,100
200,PP614,6.63,100
201,PP615,6.762,100
202,PP616,6.637,100
203,PP617,6.624,100
204,PP618,6.62,100
205,PP619,6.723,100
206,PP620,6.791,100
207,PP621,6.567,100
208,PP659,5.64,23.4
209,PP660,5.985,80
210,PP661,6.925,100
211,PP662,6.286,98.6
212,PP669,6.376,100
213,PP670,7.651,75.1
214,PP671,4.986,0
215,PP672,7.631,77.9
216,PP673,6.791,100
217,PP674,5.901,67.7
218,PP675,5.242,0
219,PP676,6.113,92.3
220,PP701,5.692,31.2
221,PP702,6.633,100
222,PP797,5.889,65.7
223,PP798,5.92,70.7
224,PP802,6.823,100
225,PP803,6.684,100
226,PP804,6.921,100
227,PP805,6.833,100
228,PP806,5.46,6.1
229,PP807,6.707,100
230,PP808,6.528,100
231,PP809,6.774,100
232,PP810,7.403,96.4
233,PP811,5.65,24.8
234,PP853,7.524,89.5
235,PP854,6.01,83
236,PP855,5.554,13.2
237,PP856,7.776,54.3
238,PP869,5.914,69.8
239,PP870,6.457,100
240,PP873,6.278,98.5
241,PP874,6.247,97.9
242,PP875,5.773,45.1
243,PP876,6.493,100
244,PP877,6.61,100
245,PP878,6.334,100
246,PP879,6.397,100
247,PP880,6.757,100
248,PP881,5.858,60.4
249,PP882,6.2,96.5
250,PP1482,6.666,100
251,PP1483,6.774,100
252,PP1484,6.705,100
253,PP1485,5.621,20.8
254,PP1486,6.514,100
255,PP1487,6.374,100
256,PP1488,6.464,100
257,PP1489,6.577,100
258,PP1490,6.221,97.2
259,PP1491,6.221,97.2
260,PP1492,6.328,100
261,PP1493,6.031,85.3
262,PP1494,6.066,88.7
263,PP1495,6.107,91.9
264,PP1496,6.322,100
265,PP1497,6.18,95.8
266,PP1498,6.252,98
267,PP1499,6.074,89.4
268,PP1500,6.239,97.7
269,PP1501,6.297,98.8
270,PP1502,6.054,87.6
271,PP1503,6.039,86.1
272,PP1504,5.974,78.6
273,PP1505,6.079,89.8
274,PP1506,6.086,90.3
275,PP1507,5.964,77.2
276,PP1508,5.968,77.7
277,PP1509,5.975,78.7
278,PP1510,6.061,88.2
279,PP1511,5.86,60.7
280,PP1512,6.205,96.7
281,PP1513,6.107,91.9
282,PP1514,5.994,81.1
283,PP1515,5.973,78.4
284,PP1516,5.865,61.6
285,PP1517,5.969,77.9
286,PP1518,6.021,84.2
287,PP1519,6.048,87
288,PP1520,6.014,83.5
289,PP1521,5.951,75.4
290,PP1522,6.041,86.3
291,PP1523,6.592,100
292,PP1524,5.674,28.3
293,PP1525,6.431,100
294,PP1526,6.345,100
295,PP1527,6.527,100
296,PP1528,6.564,100
297,PP1529,6.42,100
298,PP1530,6.362,100
299,PP1531,6.367,100
300,PP1532,6.558,100
301,PP1533,6.557,100
302,PP1534,6.534,100
303,PP1535,6.427,100
304,PP1536,6.41,100
305,PP1537,6.696,100
306,PP1538,6.674,100
307,PP1539,6.529,100
308,PP1540,6.65,100
309,PP1541,6.488,100
310,PP1542,6.681,100
311,PP1543,6.803,100
312,PP1544,6.566,100
313,PP1545,6.601,100
314,PP1546,6.571,100
315,PP1547,6.804,100
316,PP1548,6.721,100
317,PP1549,6.52,100
318,PP1550,6.58,100
319,PP1551,6.454,100
320,PP1552,6.15,94.4
321,PP1847,6.47,100
322,PP1848,6.228,97.4
323,PP1849,6.171,95.4
324,PP1850,6.225,97.3
325,PP1851,6.328,100
326,PP1852,6.169,95.3
327,PP1853,6.561,100
328,PP1854,6.686,100
329,PP1855,6.744,100
330,PP1856,6.679,100
331,PP1857,6.737,100
332,PP1858,6.829,100
333,PP1859,6.759,100
334,PP1860,6.471,100
335,PP1861,6.636,100
336,PP1862,6.629,100
337,PP1863,6.66,100
338,PP1864,6.606,100
339,PP1865,6.523,100
340,PP1866,6.573,100
341,PP1867,6.078,89.7
342,QPP102,6.862,100
343,QPP103,6.73,100
344,QPP104,6.847,100
345,QPP105,6.686,100
346,QPP106,6.922,100
347,QPP107,7.02,100
348,QPP108,6.241,97.7
349,QPP109,6.714,100
350,QPP110,6.409,100
351,QPP111,7.065,100
352,QPP112,6.53,100
353,QPP113,6.723,100
354,QPP155,7.556,86.6
355,QPP156,7.759,57.4
356,QPP157,7.445,94.7
357,QPP158,7.323,98.5
358,QPP191,5.705,33.3
359,QPP192,5.984,79.9
360,QPP193,6.002,82.1
361,QPP194,5.93,72.3
362,QPP195,6.296,98.8
363,QPP196,5.954,75.8
364,QPP251,6.857,100
365,QPP252,6.61,100
366,QPP253,6.726,100
367,QPP254,6.241,97.7
368,QPP255,6.129,93.3
369,QPP256,6.347,100
370,QPP257,6.368,100
371,QPP258,6.405,100
372,QPP262,5.079,0
373,QPP263,7.838,43.1
374,QPP264,7.433,95.2
375,QPP265,7.618,79.6
376,QPP266,6.128,93.2
377,QPP267,6.404,100
378,QPP268,7.808,48.5
379,QPP269,6.475,100
380,QPP291,5.612,19.6
381,QPP292,5.893,66.4
382,QPP372,7.378,97.2
383,QPP373,7.341,98.2
384,QPP374,6.822,100
385,QPP375,6.937,100
386,QPP376,7.226,100
387,QPP377,5.69,30.9
388,QPP378,5.487,7.7
389,QPP379,6.109,92
390,QPP380,5.56,13.8
391,QPP381,5.502,8.8
392,QPP382,5.381,2.8
393,QPP383,5.493,8.1
394,QPP384,5.638,23.1
395,QPP385,5.457,5.9
396,QPP386,5.552,13
397,QPP387,5.66,26.2
398,QPP388,5.635,22.7
399,QPP389,5.937,73.3
400,QPP390,5.873,63
401,QPP391,5.73,37.5
402,QPP392,5.75,41
403,QPP393,6.322,100
404,QPP394,6.274,98.4
405,QPP395,6.255,98.1
406,QPP396,6.311,100
407,QPP397,6.057,87.9
408,QPP398,6.071,89.1
409,QPP399,6.002,82.1
410,QPP400,6.099,91.3
411,QPP401,5.834,56.1
412,QPP402,5.924,71.3
413,QPP403,6.096,91.1
414,QPP404,6.152,94.5
415,QPP405,5.689,30.7
416,QPP406,6.23,97.5
417,QPP407,5.942,74.1
418,QPP408,5.516,9.8
419,QPP409,5.363,2.3
420,QPP410,5.511,9.4
421,QPP411,5.707,33.6
422,QPP412,6.108,91.9
423,QPP413,5.952,75.5
424,QPP414,5.791,48.4
425,QPP415,6.056,87.8
426,QPP416,5.793,48.7
427,QPP417,5.943,74.2
428,QPP418,6.043,86.5
429,QPP419,5.591,17.1
430,QPP420,5.685,30.1
431,QPP421,5.698,32.1
432,QPP422,5.384,2.9
433,QPP423,6.141,93.9
434,QPP424,5.658,25.9
435,QPP480,7.075,100
436,QPP481,7.142,100
437,QPP482,7.739,60.9
438,QPP483,7.33,98.4
439,QPP500,6.58,100
440,QPP501,6.718,100
441,QPP502,7.106,100
442,QPP503,6.804,100
443,QPP504,7.233,100
444,QPP505,7.109,100
445,QPP506,7.135,100
446,QPP507,7.204,100
447,QPP508,7.093,100
448,QPP509,6.981,100
449,QPP510,6.82,100
450,QPP511,6.944,100
451,QPP512,7.061,100
452,QPP513,7.156,100
453,QPP514,7.278,100
454,QPP515,6.83,100
455,QPP516,7.023,100
456,QPP517,7.218,100
457,QPP518,7.259,100
458,QPP519,7.1,100
459,QPP520,6.53,100
460,QPP521,7.373,97.4
461,QPP522,7.318,98.6
462,QPP523,7.181,100
463,QPP524,7.21,100
464,QPP525,6.398,100
465,QPP526,7.066,100
466,QPP527,6.989,100
467,QPP528,7.339,98.2
468,QPP529,6.852,100
469,QPP530,6.933,100
470,QPP531,6.824,100
471,QPP532,7.191,100
472,QPP533,6.9,100
473,QPP534,7.58,84.1
474,QPP535,6.729,100
475,QPP536,6.803,100
476,QPP537,7.081,100
477,QPP538,6.819,100
478,QPP539,7.05,100
479,QPP540,6.898,100
480,QPP541,7.021,100
481,QPP542,7.02,100
482,QPP543,6.913,100
483,QPP544,7.295,100
484,QPP545,7.112,100
485,QPP546,7.342,98.1
486,QPP547,7.189,100
487,QPP548,7.021,100
488,QPP549,7.01,100
489,QPP550,6.932,100
490,QPP551,7.089,100
491,QPP552,6.911,100
492,QPP553,6.848,100
493,QPP554,7.369,97.5
494,QPP555,7.088,100
495,QPP556,7.132,100
496,QPP557,7.497,91.6
497,QPP558,6.256,98.1
498,QPP559,6.311,100
499,QPP560,6.307,100
500,QPP561,6.359,100
501,QPP562,6.36,100
502,QPP563,6.171,95.4
503,QPP564,6.278,98.5
504,QPP565,6.374,100
505,QPP566,6.331,100
506,QPP567,6.433,100
507,QPP568,6.594,100
508,QPP569,6.526,100
509,QPP570,6.366,100
510,QPP571,6.328,100
511,QPP572,6.584,100
512,QPP573,6.29,98.7
513,QPP574,6.331,100
514,QPP575,6.15,94.4
515,QPP576,6.325,100
516,QPP577,6.092,90.8
517,QPP578,6.355,100
518,QPP579,6.072,89.2
519,QPP580,6.408,100
520,QPP581,6.122,92.8
521,QPP582,6.163,95.1
522,QPP583,6.021,84.2
523,QPP584,6.202,96.6
524,QPP585,6.718,100
525,QPP586,6.133,93.5
526,QPP587,5.95,75.2
527,QPP588,6.085,90.2
528,QPP589,6.09,90.6
529,QPP590,6.186,96
530,QPP591,6.511,100
531,QPP592,6.106,91.8
532,QPP593,6.246,97.9
533,QPP594,5.743,39.8
534,QPP595,6.146,94.2
535,QPP596,6.23,97.5
536,QPP597,6.414,100
537,QPP598,6.304,100
538,QPP599,6.492,100
539,QPP600,6.418,100
540,QPP601,6.518,100
541,QPP602,6.232,97.5
542,QPP603,6.006,82.5
543,QPP604,6.417,100
544,QPP605,6.343,100
545,QPP606,6.504,100
546,QPP607,6.32,100
547,QPP608,6.071,89.1
548,QPP609,6.246,97.9
549,QPP610,6.239,97.7
550,QPP611,6.285,98.6
551,QPP675,7.278,100
552,QPP676,7.045,100
553,QPP677,7.241,100
554,QPP678,7.077,100
555,QPP679,6.505,100
556,QPP680,5.699,32.3
557,QPP681,5.569,14.7
558,QPP682,5.805,50.9
559,QPP683,6.569,100
560,QPP684,6.607,100
561,QRR166,6.12,92.7
562,QRR167,6.257,98.1
563,QRR168,6.036,85.8
564,QRR169,6.069,88.9
565,QRR170,6.231,97.5
566,QRR171,6.24,97.7
567,QRR172,6.106,91.8
568,QRR173,6.072,89.2
569,QRR174,5.971,78.2
570,QRR175,6.539,100
571,QRR176,6.314,100
572,QRR177,6.208,96.8
573,QRR178,6.362,100
574,QRR179,5.932,72.6
575,QRR180,6.236,97.6
576,QRR181,6.219,97.2
577,QRR182,6.14,93.9
578,QRR183,6.184,96
579,QRR184,6.244,97.8
580,QRR185,6.365,100
581,QRR186,6.454,100
582,QRR187,6.279,98.5
583,QRR188,6.168,95.3
584,QRR189,6.017,83.8
585,QRR190,6.377,100
586,QRR191,6.207,96.8
587,QRR192,6.349,100
588,QRR193,6.566,100
589,QRR194,6.089,90.6
590,QRR195,6.263,98.2
591,QRR196,6.145,94.2
592,QRR197,6.108,91.9
593,QRR198,5.876,63.5
594,QRR199,6.455,100
595,QRR200,6.428,100
596,QRR201,6.254,98
597,QRR202,6.155,94.7
598,QRR203,6.123,92.9
599,QRR204,6.142,94
600,QRR205,6.392,100
601,QRR206,6.293,98.7
602,QRR207,6.282,98.6
603,QRR208,6.171,95.4
604,QRR209,6.314,100
605,QRR210,6.394,100
606,QRR211,6.481,100
607,QRR212,6.339,100
608,QRR213,5.963,77.1
609,RR150,7.557,86.5
610,RR151,7.417,95.9
611,RR152,6.545,100
612,RR153,6.752,100
613,RR514,8.548,0
614,RR515,7.063,100
615,RR516,6.355,100
616,QRR630,7.186,100
617,QRR631,7.117,100
618,QRR632,7.443,94.8
619,QRR633,7.213,100
620,QRR634,7.012,100
621,QRR635,7.236,100
622,QRR636,7.312,98.7
623,QRR637,7.583,83.8
624,QRR638,7.275,100
625,QRR639,7.176,100
626,QRR640,7.295,100
627,QRR641,7.245,100
628,RR1467,5.68,29.3
629,RR1468,7.73,62.5
630,RR1469,7.81,48.2
631,RR2099,6.83,100
632,RR2100,6.24,97.7
633,RR2101,6.17,95.4
634,RR2102,6.63,100
635,RR2103,6.05,87.2
636,RR2104,6.26,98.2
637,RR2105,5.66,26.2
638,RR2106,4.95,0
639,RR2107,5.31,1.3
640,RR2109,5.89,65.9
641,RR2110,6.38,100
642,RR2111,6.34,100
643,RR2112,6.4,100
644,RR2113,5.96,76.6
645,RR2114,6.34,100
646,RR2146,6.68,100
647,RR2147,5.87,62.5
648,RR2148,6.1,91.4
649,RR2149,6.2,96.5
650,RR2150,6.3,100
651,RR2151,6.23,97.5
652,RR2164,6.04,86.2
653,RR2165,6.41,100
654,RR2166,6.6,100
655,RR2167,6.51,100
656,RR2168,6.62,100
657,RR2169,6.82,100
658,RR2170,6.56,100
659,RR2171,6.24,97.7
660,RR2178,6.42,100
661,RR2179,6.5,100
662,RR2180,6.45,100
663,RR2181,6.14,93.9
664,RR2182,6.16,94.9
665,RR2183,6.25,98
666,RR2184,6.2,96.5
667,RR2185,6.33,100
668,RR2186,6.28,98.5
669,RR2187,6.43,100
670,RR2188,6.35,100
671,RR2189,6.43,100
672,RR2190,6.35,100
673,RR2191,6.45,100
674,RR2192,6.2,96.5
675,RR2193,6.42,100
676,RR2194,6.02,84.1
677,RR2195,6.58,100
678,RR2196,6.35,100
679,RR2197,6.65,100
680,RR2198,6.49,100
681,RR2199,6.46,100
682,RR2200,6.47,100
683,RR2201,6.36,100
684,RR2202,6.44,100
685,RR2203,6.61,100
686,RR2204,6.46,100
687,RR2205,6.51,100
688,RR2206,6.31,100
689,RR2207,6.69,100
690,RR2208,6.42,100
691,RR2209,6.66,100
692,RR2210,6.82,100
693,RR2211,6.43,100
694,RR2212,6.57,100
695,RR2213,6.55,100
696,RR2214,6.65,100
697,RR2215,6.44,100
698,RR2216,6.51,100
699,RR2217,6.49,100
700,RR2218,6.37,100
701,RR2219,6.48,100
702,RR2220,6.81,100
703,RR2221,6.53,100
704,RR2222,6.42,100
705,RR2223,6.55,100
706,RR2224,6.63,100
707,RR2225,6.61,100
708,RR2226,6.58,100
709,RR2227,6.51,100
710,RR2228,6.38,100
711,RR2229,6.44,100
712,RR2230,6.6,100
713,RR2231,6.58,100
714,RR2234,6.78,100
715,RR2235,6.4,100
716,RR2236,6.44,100
717,RR2237,6.38,100
718,RR2238,6.91,100
719,RR2239,6.82,100
720,RR2240,6.78,100
721,RR2263,6.83,100
722,RR2264,6.5,100
723,RR2265,6.55,100
724,RR2266,6.53,100
725,RR2267,6.6,100
726,RR2268,6.68,100
727,RR2269,5.03,0
728,RR2270,5,0
729,RR2271,5.08,0
730,RR2272,6.55,100
731,RR2273,6.5,100
732,RR2274,7.2,100
733,RR2275,6.41,100
734,RR2276,6.75,100
735,RR2277,6.85,100
736,RR2278,5.7,32.5
737,RR2279,5.93,72.3
738,RR2280,6.16,94.9
739,RR2281,6.39,100
740,RR2282,6.35,100
741,RR2283,6.06,88.1
742,RR2323,6.73,100
743,RR2324,6.88,100
744,RR2325,6.84,100
745,RR2326,6.9,100
746,RR2327,6.74,100
747,RR2328,7.01,100
748,RR2329,5.84,57.2
749,RR2330,5.52,10.2
750,RR2331,5.56,13.8
751,RR2332,5.69,30.9
752,RR2333,5.6,18.2
753,RR2334,5.74,39.3
754,RR2335,5.96,76.6
755,RR2336,5.68,29.3
756,RR2337,6.12,92.7
766,RR2361,6.91,100
767,RR2362,6.49,100
768,RR2363,6.78,100
769,RR2364,5.93,72.3
770,RR2365,6.2,96.5
771,RR2366,6.78,100
772,RR2367,6.66,100
773,RR2368,6.5,100
774,RR2407,6.94,100
775,RR2408,6.8,100
776,RR2409,6.71,100
777,RR2410,6.93,100
778,RR2411,6.64,100
779,RR2412,7,100
780,RR2413,6.86,100
781,RR2414,6.72,100
782,RR2415,6.9,100
783,RR1467,5.68,29.3
784,RR1468,7.73,62.5
785,RR1469,7.81,48.2
836,QRR226,6.707,100
837,QRR227,7.217,100
838,QRR228,6.787,100
839,QRR229,6.733,100
840,SS115,5.94,73.8
841,SS116,5.78,46.4
842,SS297,6.57,100
843,SS298,6.04,86.2
844,SS299,6.28,98.5
845,SS300,6.33,100
846,SS301,6.61,100
847,SS302,6.3,100
848,SS303,6.42,100
849,SS304,6.62,100
850,SS305,5.82,53.6
851,SS306,5.98,79.3
852,SS307,6.34,100
853,SS308,6.12,92.7
854,SS309,6.2,96.5
855,SS310,5.63,22
856,SS311,6.61,100
857,SS312,6.08,89.8
858,SS313,7.23,100
859,SS314,7.2,100
860,SS315,7.74,60.7
861,SS316,7.62,79.3
862,SS317,7.9,32.5
863,SS318,7.71,65.9
864,SS319,7.74,60.7
865,SS320,7.76,57.2
866,SS321,7.49,92.1
867,SS322,7.55,87.2
868,SS323,6.41,100
869,SS324,6.33,100
870,SS325,6.92,100
871,SS326,6.95,100
872,SS327,5.72,35.8
873,SS328,7.02,100
874,SS329,6.94,100
875,SS330,6.69,100
876,SS331,7.12,100
877,SS332,7.15,100
878,SS333,7,100
879,SS334,6.2,96.5
880,SS335,7.05,100
881,SS336,6.43,100
882,SS337,6.17,95.4
883,SS338,7.2,100
884,SS339,7.45,94.4
885,SS340,7.72,64.2
886,SS341,6.86,100
887,SS342,7.26,100
888,SS343,6.78,100
889,SS344,6.69,100
890,SS345,6.6,100
891,SS346,6.71,100
892,SS347,5.65,24.8
893,SS348,5.27,0
894,SS349,5.54,11.9
895,SS350,5.72,35.8
896,SS351,4.76,0
897,SS352,5.51,9.4
898,SS353,5.25,0
899,SS354,5.51,9.4
900,SS355,6,81.8
901,SS356,5.5,8.6
902,SS357,5.93,72.3
903,SS358,6.26,98.2
904,SS387,8.13,6.7
905,QSS337,6.02,84.1
906,QSS338,5.74,39.3
907,QSS339,6.241,97.7
908,QSS340,6.371,100
909,QSS341,6.163,95.1
910,QSS342,5.978,79.1
911,QSS343,5.616,20.1
912,QSS344,6.009,82.9
913,QSS345,6.029,85.1
914,QSS346,6.644,100
915,QSS347,5.986,80.1
916,QSS348,5.906,68.5
917,QSS349,6.395,100
918,QSS350,6.074,89.4
919,QSS351,6.184,96
920,QSS352,5.944,74.4
921,QSS353,5.679,29.1
922,QSS354,6.142,94
923,QSS355,6.399,100
924,QSS356,6.229,97.4
925,QSS357,6.152,94.5
926,QSS358,5.979,79.2
927,QSS359,6.259,98.2
928,QSS360,6.126,93.1
929,QSS361,6.394,100
930,QSS362,6.089,90.6
931,QSS363,6.202,96.6
932,QSS364,6.33,100
933,QSS365,6.347,100
934,QSS366,6.303,100
935,QSS367,6.045,86.7
936,QSS368,5.965,77.3
937,QSS369,6.192,96.3
938,QSS370,6.509,100
939,QSS371,6.256,98.1
940,QSS372,6.262,98.2
941,QSS373,6.091,90.7
942,QSS374,6.287,98.7
943,QSS375,6.373,100
944,QSS376,6.329,100
945,QSS377,6.025,84.7
946,QSS378,6.162,95
947,QSS379,6.322,100
948,QSS380,6.373,100
949,QSS381,6.327,100
950,QSS382,6.296,98.8
951,QSS383,6.073,89.3
952,QSS384,6.267,98.3
757,RR2338,6.58,100
758,RR2339,6.86,100
759,RR2340,7.07,100
760,RR2341,7.17,100
761,RR2342,7.03,100
762,RR2343,6.61,100
763,RR2344,6.65,100
764,RR2345,6.98,100
765,RR2346,6.5,100
786,RR1624,6.31,100
787,RR1625,6.42,100
788,RR1626,6.11,92.1
789,RR1627,6.14,93.9
790,RR1628,6.6,100
791,RR1629,6.45,100
792,RR1630,6.38,100
793,RR1631,6.53,100
794,RR1632,6.28,98.5
795,RR1633,6.51,100
796,RR1634,6.46,100
797,RR1635,6.6,100
798,RR1636,6.39,100
799,RR1637,6.61,100
800,RR1638,6.49,100
801,RR1639,5.93,72.3
802,RR1640,6.04,86.2
803,RR1641,6.11,92.1
804,RR1642,6.29,98.7
805,RR1643,5.99,80.6
806,RR1644,5.98,79.3
807,RR1645,6.2,96.5
808,RR1646,6.1,91.4
809,RR1647,6.05,87.2
810,RR1648,7.01,100
811,RR1649,6.01,83
812,RR1650,6.02,84.1
813,RR1651,6.07,89
814,RR1652,6.23,97.5
815,RR1653,6.14,93.9
816,RR1654,6.48,100
817,RR1655,6.12,92.7
818,RR1656,6.71,100
819,RR1657,6.45,100
820,RR1658,6.56,100
821,RR1659,6.57,100
822,RR1660,6.11,92.1
823,RR1661,6.44,100
824,RR1662,6.16,94.9
825,RR1663,6.28,98.5
826,RR1664,5.65,24.8
827,RR1665,6.09,90.6
828,RR1666,6.42,100
829,RR1667,6.57,100
830,RR1668,6.3,100
831,RR1669,7.1,100
832,RR1670,6.67,100
833,RR1671,6.24,97.7
834,RR1672,6.42,100
835,RR1673,6.1,91.4
836,QRR226,6.707,100
837,QRR227,7.217,100
838,QRR228,6.787,100
839,QRR229,6.733,100
840,SS115,5.94,73.77302818
841,SS116,5.78,46.37824133
842,SS297,6.57,100
843,SS298,6.04,86.23435567
844,SS299,6.28,98.54385229
845,SS300,6.33,100
846,SS301,6.61,100
847,SS302,6.3,100
848,SS303,6.42,100
849,SS304,6.62,100
850,SS305,5.82,53.62175867
851,SS306,5.98,79.33733123
852,SS307,6.34,100
853,SS308,6.12,92.71024295
854,SS309,6.2,96.5481826
855,SS310,5.63,21.98419013
856,SS311,6.61,100
857,SS312,6.08,89.84425818
858,SS313,7.23,100
859,SS314,7.2,100
860,SS315,7.74,60.74685657
861,SS316,7.62,79.33733123
862,SS317,7.9,32.47181419
863,SS318,7.71,65.87635263
864,SS319,7.74,60.74685657
865,SS320,7.76,57.21372923
866,SS321,7.49,92.05958557
867,SS322,7.55,87.2097796
868,SS323,6.41,100
869,SS324,6.33,100
870,SS325,6.92,100
871,SS326,6.95,100
872,SS327,5.72,35.80647844
873,SS328,7.02,100
874,SS329,6.94,100
875,SS330,6.69,100
876,SS331,7.12,100
877,SS332,7.15,100
878,SS333,7,100
879,SS334,6.2,96.5481826
880,SS335,7.05,100
881,SS336,6.43,100
882,SS337,6.17,95.3697949
883,SS338,7.2,100
884,SS339,7.45,94.41849818
885,SS340,7.72,64.19352156
886,SS341,6.86,100
887,SS342,7.26,100
888,SS343,6.78,100
889,SS344,6.69,100
890,SS345,6.6,100
891,SS346,6.71,100
892,SS347,5.65,24.7676963
893,SS348,5.27,0
894,SS349,5.54,11.86389259
904,SS350,5.72,35.80647844
896,SS351,4.76,0
897,SS352,5.51,9.372139524
898,SS353,5.25,0
899,SS354,5.51,9.372139524
900,SS355,6,81.83489296
901,SS356,5.5,8.634102071
902,SS357,5.93,72.27093328
903,SS358,6.26,98.1731893
895,SS387,8.13,6.7
905,QSS337,6.02,84.13447461
906,QSS338,5.74,39.25314343
907,QSS339,6.241,97.74941686
908,QSS340,6.371,100
909,QSS341,6.163,95.0528532
910,QSS342,5.978,79.07685715
911,QSS343,5.616,20.14751816
912,QSS344,6.009,82.89438737
913,QSS345,6.029,85.10411289
914,QSS346,6.644,100
915,QSS347,5.986,80.10714494
916,QSS348,5.906,68.50324439
917,QSS349,6.395,100
918,QSS350,6.074,89.3517643
919,QSS351,6.184,95.9547111
920,QSS352,5.944,74.36197737
921,QSS353,5.679,29.11596868
922,QSS354,6.142,93.99728185
923,QSS355,6.399,100
924,QSS356,6.229,97.44119405
925,QSS357,6.152,94.52007083
926,QSS358,5.979,79.20733502
927,QSS359,6.259,98.15271518
928,QSS360,6.126,93.080566
929,QSS361,6.394,100
930,QSS362,6.089,90.55156973
931,QSS363,6.202,96.61706132
932,QSS364,6.33,100
933,QSS365,6.347,100
934,QSS366,6.303,100
935,QSS367,6.045,86.72823902
936,QSS368,5.965,77.33726476
937,QSS369,6.192,96.26105569
938,QSS370,6.509,100
939,QSS371,6.256,98.09011659
940,QSS372,6.262,98.21355794
941,QSS373,6.091,90.70369548
942,QSS374,6.287,98.65730981
943,QSS375,6.373,100
944,QSS376,6.329,100
945,QSS377,6.025,84.67815936
946,QSS378,6.162,95.00619455
947,QSS379,6.322,100
948,QSS380,6.373,100
949,QSS381,6.327,100
950,QSS382,6.296,98.79190628
951,QSS383,6.073,89.2680333
952,QSS384,6.267,98.31116439
953,QRR224,7.061,100
954,QRR225,6.879,100
955,RR978,5.511,9.44843027
956,RR979,5.765,43.67986252
957,RR980,6.151,94.46946866
958,RR981,6.802,100
959,RR982,5.395,3.281744098
960,RR983,6.009,82.89438737
961,SS828,7.98,20.66266877
962,SS829,8,18.16510704
963,SS830,7.93,27.72906672
964,SS831,7.92,29.27204673
965,SS832,8.01,16.99038061
966,SS833,8,18.16510704
967,SS834,7.9,32.47181419
968,SS835,7.95,24.7676963
969,SS836,8.07,10.98600513
970,SS837,7.99,19.38938408
971,SS838,7.97,21.98419013
972,SS839,8.01,16.99038061
973,SS840,7.94,26.22697182
974,SS841,7.91,30.85375387
975,SS842,7.93,27.7
976,SS843,7.86,39.3
977,SS844,8.1,8.6
978,SS845,7.93,27.7
979,SS846,7.86,39.3
980,SS847,7.78,53.6
981,SS848,7.9,32.5
982,SS1062,6.66,100
983,SS1063,6.06,88.1
984,SS1064,6.58,100
985,SS1065,6.3,100
986,SS1066,7.9,32.47181419
987,SS1067,7.85,41.01058394
988,SS1068,7.88,35.80647844
989,SS1069,7.63,78.01580987
990,SS1070,7.91,30.85375387
991,SS1071,8,18.16510704
992,SS1072,6,81.83489296
993,SS1073,7.17,100
994,SS1098,6.18,95.79406526
995,SS1099,6.24,97.72498681
996,SS1100,6.71,100
997,SS1101,5.97,78.01580987
998,SS1102,6.16,94.91182475
542_repeat,QPP603,6.006,82.5
63_repeat,PP136,7.95,24.8
346_re,QPP106,6.922,100
789_re,RR1627,6.14,93.9
835_reextract,RR1673,6.1,91.4
873_reextract,SS328,7.02,100
930_re,QSS362,6.089,90.6
981_reextract,SS848,7.9,32.5
