,PC1,PC2,cluster,crop-id,pH,EC,Available.P,NO3.N,NH4.N,Exchangeable.K
0,-1.6569769270495904,-0.41772632783253694,1,001_20_Aomo_Rice,5.51,0.07,9.458321104,0.105092457,0.94583211,19.96756677
1,-2.1145972479368567,-0.5425244697373238,1,002_20_Aomo_Rice,5.28,0.05,4.15483871,0.207741935,1.038709677,15.06129032
2,-1.7955445769646246,-0.15296644734078493,1,003_20_Aomo_Rice,5.67,0.05,10.35951327,0.310785398,0.932356195,15.64286504
3,-1.5750233242689136,-0.29753907911562255,1,004_20_Aomo_Rice,5.69,0.08,10.57507484,0.105750748,0.951756735,12.05558532
4,-2.0264497261647034,-0.14448940989445436,1,005_20_Aomo_Rice,5.66,0.05,3.134369648,0.104478988,1.149268871,9.821024898
5,-1.4829768058356874,-0.5384266054210267,1,006_20_Aomo_Rice,5.56,0.09,5.19944679,0.103988936,1.039889358,18.3020527
6,-1.8771096964772067,-0.1790118569687991,1,007_20_Aomo_Rice,5.57,0.05,12.53328649,0.0,1.253328649,21.6199192
7,-2.104086794295549,-0.18123859577441614,1,008_20_Aomo_Rice,5.52,0.04,10.35252644,0.103525264,1.242303173,15.52878966
8,-1.9084671095129453,-0.27368649965228803,1,009_20_Aomo_Rice,5.49,0.05,12.37618048,0.103134837,1.031348374,18.66740556
9,-1.8952377973041008,-0.3047251153753122,1,010_20_Aomo_Rice,5.45,0.05,14.38517687,0.102751263,1.027512633,20.24199888
10,-1.384690311408327,-0.005691416139902348,1,011_20_Akit_Rice,5.87,0.05,15.0,0.6,0.5,22.3
11,-0.9596110083227233,0.45460837107025553,1,012_20_Akit_Rice,6.24,0.07,43.0,0.2,0.6,20.4
12,-1.7928047928657882,-0.14180297101886202,1,013_20_Akit_Rice,5.56,0.04,14.0,0.2,0.6,22.2
13,-1.6620469922744165,-0.09018899016370274,1,014_20_Akit_Rice,5.55,0.04,24.0,0.2,0.2,22.6
14,-1.7045935861122172,-0.7710464134073247,1,015_20_Akit_Rice,5.18,0.08,15.0,0.1,0.6,17.0
15,-0.9532371208457505,0.21396558782918748,1,016_20_Akit_Rice,6.09,0.07,32.0,0.3,0.6,27.7
16,-0.7975617875264762,-0.8484935722314273,1,017_20_Akit_Soyb,5.71,0.08,20.0,2.6,0.4,15.5
17,-1.2448536001773838,-0.39174428566596553,1,018_20_Akit_Soyb,5.68,0.06,14.0,1.1,0.3,22.4
18,-0.3689013343945337,0.676164170049284,2,019_20_Akit_Soyb,6.6,0.06,36.0,0.8,0.2,37.6
19,-1.3454030830185337,0.09366330992779762,1,020_20_Akit_Soyb,5.75,0.04,21.0,0.1,0.2,36.0
20,-0.6191334706201201,1.6138528675624215,2,091_20_Hyog_Rice,7.23,0.05,44.0,0.0,0.9,23.7
21,-1.1081160218741704,-0.08099464857761703,1,092_20_Hyog_Rice,6.01,0.06,14.0,1.1,0.7,23.6
22,-1.4047292261529027,0.5225251406361262,1,093_20_Hyog_Rice,6.15,0.04,21.0,0.0,0.5,23.5
23,-0.33243005206862974,1.0996484850458452,2,094_20_Hyog_Rice,7.08,0.07,30.0,0.6,0.6,25.8
24,-1.4247618544275775,0.5771080221516701,1,095_20_Hyog_Rice,6.33,0.04,12.0,0.3,0.8,18.3
25,-1.4903808842426258,0.509212041620109,1,096_20_Hyog_Rice,6.17,0.03,17.0,0.4,0.3,17.6
26,-2.139178865043909,0.2670442903266848,1,097_20_Hyog_Rice,5.75,0.02,15.0,0.0,0.6,10.1
27,-1.59212478770741,-0.14435076790899806,1,098_20_Hyog_Rice,5.68,0.05,26.0,0.7,0.5,12.7
28,-1.7254992214609717,0.10229312497133287,1,099_20_Hyog_Rice,5.81,0.03,16.0,0.6,0.4,15.5
29,-2.187745480329386,-0.17913910304761094,1,100_20_Hyog_Rice,5.41,0.03,8.0,0.0,0.5,13.7
30,1.2810970749023256,-1.952857022731136,0,122_20_Miyz_Spin,5.89,0.16,47.0,5.8,0.3,31.2
31,2.1242613985532923,-3.0269504227420447,0,123_20_Miyz_Spin,5.76,0.19,26.0,8.2,0.2,40.1
32,0.07330385758149484,-1.5518620608917864,1,124_20_Miyz_Spin,5.45,0.12,39.0,3.5,0.3,32.6
33,2.7944977319724154,-3.0281776802956815,0,126_20_Miyz_Spin,5.96,0.22,40.0,8.3,0.4,50.8
34,3.087824720720905,-3.716663104560703,0,127_20_Miyz_Spin,5.63,0.24,52.0,9.4,0.5,51.0
35,2.6968547445221662,-3.8761726619069914,0,128_20_Miyz_Spin,5.55,0.23,23.0,9.5,0.3,41.5
36,3.537660360034004,-4.007233940112976,0,129_20_Miyz_Spin,5.67,0.25,39.0,10.1,0.3,61.7
37,2.9752168640870744,-3.473880860536385,0,130_20_Miyz_Spin,5.84,0.23,26.0,9.0,0.4,54.2
38,-1.468039058099536,-0.27075492623306646,1,021_20_Niig_Rice,5.86,0.07,6.628736796,0.932166112,0.725018087,6.318014759
39,-1.3912844214780893,-0.2207112172240231,1,022_20_Niig_Rice,5.83,0.08,22.87102725,0.626603486,0.939905229,7.728109663
40,-1.8018025061752383,0.24332309292519755,1,023_20_Niig_Rice,6.01,0.04,11.3042047,0.418674248,0.942017058,8.059479276
41,-1.9281619649095763,0.055859712612044,1,024_20_Niig_Rice,5.76,0.04,10.47298917,0.103692962,1.140622583,16.07240913
42,-2.0974739808743377,0.0853141459571114,1,025_20_Niig_Rice,5.69,0.03,10.24023029,0.10343667,0.620620018,8.688680248
43,-1.7733660861291907,-0.12310097000976122,1,026_20_Niig_Rice,5.62,0.05,17.86342521,0.210157944,0.525394859,13.02979251
44,-1.7204079122466467,0.012999595559639029,1,027_20_Niig_Rice,5.74,0.05,21.63421172,0.2090262,0.627078601,12.12351961
45,-1.8138920960903822,-0.4801856305475084,1,028_20_Niig_Rice,5.35,0.05,8.203087506,0.218749,1.093745001,29.42174052
46,-2.10384596515561,-0.44775406808943263,1,029_20_Niig_Rice,5.34,0.05,5.01142638,0.111365031,0.890920245,12.80697853
47,-1.4444654959448753,-0.03629924700607174,1,030_20_Niig_Rice,5.91,0.06,5.816318664,0.323128815,1.077096049,24.2346611
48,-0.05546961250365695,0.9346975713705173,2,061_20_Naga_Barl,6.96,0.11,54.0,0.1,0.8,23.7
49,-0.11824141564308197,0.7015426711480862,2,062_20_Naga_Barl,6.71,0.1,60.0,0.4,1.0,31.9
50,0.9550969319655994,0.8333396027579565,2,063_20_Naga_Onio,7.2,0.17,77.0,0.1,0.8,30.7
51,-1.2448791743565408,-1.2601209978441248,1,064_20_Naga_Onio,4.98,0.12,32.0,0.4,0.8,20.0
52,-1.2046093348261917,-0.9062937290437669,1,065_20_Naga_Onio,5.22,0.11,31.0,0.2,0.7,21.7
53,-1.5219136054789992,-0.6653884761855556,1,066_20_Naga_Onio,5.21,0.08,37.0,0.2,0.8,21.7
54,-1.6635926061543411,0.05622568984224452,1,067_20_Naga_Pump,5.69,0.05,43.0,0.3,0.6,9.9
55,-1.3934786318776406,1.1180699197735577,1,068_20_Naga_Rice,6.49,0.03,50.0,0.0,0.1,5.8
56,-1.2570321183403264,1.0021272670544528,1,069_20_Naga_Rice,6.48,0.04,49.0,0.1,0.1,6.9
57,-1.1687534243206978,0.9265915614874223,1,070_20_Naga_Rice,6.46,0.05,48.0,0.0,0.1,8.1
58,2.0994053502834995,0.13394778329308998,2,041_20_Sait_Carr,6.62,0.12,83.49305556,1.626488095,0.759027778,126.1070437
59,2.28996980936338,-0.867266534677046,0,043_20_Sait_Carr,6.52,0.13,23.48518041,3.690528351,0.782839347,124.8069588
60,3.265455115098415,-1.6374188193264798,0,044_20_Sait_Broc,6.37,0.19,68.04141291,5.377466504,0.768209501,115.9996346
61,2.4665717717596483,-0.3667320723678402,0,045_20_Sait_Broc,6.43,0.13,115.6351605,3.319157384,0.642417558,116.277578
62,0.9296883486934915,0.45165406385447254,2,046_20_Sait_Burd,6.85,0.12,53.87944904,1.036143251,0.725300275,65.58786777
63,0.3642297996189222,1.1167324267955236,2,047_20_Sait_Burd,7.06,0.08,73.88748159,0.92359352,0.718350515,46.07705449
64,-0.6506552818650074,-1.0332320721984407,1,048_20_Sait_Yama,5.6,0.14,11.4837406,0.883364662,0.883364662,20.86949013
65,2.5454818619323625,-1.7818379830494755,0,049_20_Sait_Yama,6.2,0.28,60.89761571,2.878796379,0.664337626,57.46520464
66,3.1308547755579603,-1.7073666998728505,0,050_20_Sait_Stra,6.26,0.33,144.1080788,2.591871921,3.93964532,79.00025616
67,0.04526832246073303,-0.4309928295925465,2,131_21_Akit_Edam,5.9,0.08,32.0,1.6,0.4,67.0
68,-0.0539829281136531,0.8311036725483674,2,132_21_Akit_Edam,6.6,0.06,35.0,0.0,0.1,65.0
69,1.6607002099240418,0.6642244595972799,2,133_21_Akit_Edam,6.6,0.09,109.0,1.0,0.1,113.0
70,0.7362365174206251,-0.009913039162647937,2,134_21_Akit_Edam,6.1,0.08,75.0,1.5,0.1,86.0
71,-0.09218132439590306,-0.10158921102227081,2,135_21_Akit_Edam,5.8,0.06,37.0,0.5,0.2,85.0
72,1.3069250349344035,-0.7394160458997221,2,136_21_Akit_Soyb,6.1,0.11,63.0,3.3,0.1,81.0
73,-1.2674620413282316,-1.688943633544125,1,137_21_Akit_Soyb,4.8,0.09,21.0,2.1,0.4,20.0
74,0.3828192879493688,-1.4985823417625375,1,138_21_Akit_Soyb,5.6,0.12,35.0,3.7,0.4,45.0
75,-0.09195884539881526,-0.9214012301074496,1,139_21_Akit_Soyb,5.4,0.09,41.0,1.5,0.3,68.0
76,-0.6284470879038772,-0.5297380250906983,1,140_21_Akit_Soyb,5.7,0.08,27.0,1.3,0.3,39.0
77,1.2676155061210632,-0.5920360541393751,2,141_21_Miyz_Spin,6.7,0.14,47.0,4.1,0.3,36.0
78,4.103896735060325,-0.1593784491533556,0,142_21_Miyz_Spin,7.2,0.2,284.0,7.4,0.4,41.0
79,2.385145751757891,1.2726336286060809,0,143_21_Miyz_Spin,7.6,0.14,202.0,3.4,0.2,35.0
80,2.943659800216727,-0.030456137056652056,0,144_21_Miyz_Spin,7.2,0.18,181.0,5.4,0.2,37.0
81,0.845176035966725,0.4909704911284306,2,145_21_Miyz_Spin,7.0,0.1,52.0,2.2,0.1,46.0
82,1.2051870282917168,0.2693364658598146,2,146_21_Miyz_Spin,7.1,0.13,64.0,2.9,0.2,34.0
83,0.9501730694848286,0.43448519434733784,2,147_21_Miyz_Spin,6.7,0.11,107.0,2.1,0.2,44.0
84,0.9868408036044953,-0.3863449488637586,2,148_21_Miyz_Spin,6.8,0.13,36.0,3.8,0.2,28.0
85,2.0197990574082727,0.11995900538237358,0,149_21_Miyz_Spin,7.1,0.15,119.0,4.0,0.2,40.0
86,2.2699802101974043,-1.36581570630605,0,150_21_Miyz_Spin,6.6,0.16,61.0,6.4,0.2,51.0
87,2.559926072785077,1.1978280085885713,0,151_21_Miyz_Spin,7.0,0.14,302.0,3.4,0.2,39.0
88,3.0556301740728893,1.1883150931378281,0,152_21_Miyz_Spin,7.0,0.16,370.0,4.3,0.4,28.0
89,1.6556971575618498,0.7762464035635296,2,153_21_Miyz_Spin,7.0,0.13,194.0,3.2,0.4,27.0
90,0.882124868526974,0.7319591610404345,2,154_21_Miyz_Spin,7.1,0.11,86.0,2.1,0.3,33.0
91,1.5301276079546005,0.5517730215629537,2,155_21_Miyz_Spin,6.9,0.12,145.0,2.9,0.2,44.0
92,-0.43009954054657307,0.9748990558842789,2,156_21_Miyz_Spin,6.6,0.06,56.0,0.0,0.3,40.0
93,0.5029533669210012,0.14389942057023228,2,157_21_Miyz_Spin,6.6,0.11,63.0,2.0,0.3,36.0
94,3.6819684624314792,1.8357761877706142,0,158_21_Miyz_Spin,7.5,0.16,378.0,3.7,0.3,51.0
95,4.12228060860964,2.6679415948221554,0,159_21_Miyz_Spin,7.6,0.16,482.0,2.9,0.3,55.0
96,2.9489742038369307,1.4232250200854646,0,160_21_Miyz_Spin,7.4,0.15,283.0,3.3,0.3,49.0
97,3.9651876639953407,-3.814961418732963,0,161_21_Miyz_Spin,6.2,0.27,36.0,10.8,0.5,50.0
98,2.1139770459277956,1.6462175720409582,2,162_21_Miyz_Spin,7.5,0.13,210.0,1.9,0.3,47.0
99,2.832536706275691,2.7480778498563763,0,163_21_Miyz_Spin,7.4,0.13,424.0,1.6,0.3,38.0
100,2.783207207109638,2.7160726977633436,0,164_21_Miyz_Spin,7.5,0.13,404.0,1.7,0.4,37.0
101,2.172534246127178,2.7063402219167125,2,165_21_Miyz_Spin,7.6,0.11,337.0,1.4,0.2,30.0
102,1.1329449315638591,0.9721777513423535,2,166_21_Miyz_Spin,7.3,0.12,101.0,2.0,0.0,28.0
103,1.8047184473558926,2.4100815516369885,2,167_21_Miyz_Spin,7.7,0.11,240.0,0.9,0.3,39.0
104,1.616617237857882,2.063603179474275,2,168_21_Miyz_Spin,7.6,0.11,206.0,1.2,0.3,37.0
105,1.4480468175644938,1.593558474484945,2,169_21_Miyz_Spin,7.5,0.12,170.0,1.7,0.3,28.0
106,1.7401600336339407,1.9415763432043847,2,170_21_Miyz_Spin,7.3,0.12,262.0,1.4,0.4,32.0
107,3.137596102019783,2.3258459944856136,0,171_21_Miyz_Spin,6.9,0.13,515.0,3.2,0.7,33.0
108,2.5072278498862657,2.2889993928319403,0,172_21_Miyz_Spin,7.2,0.11,397.0,2.7,0.4,33.0
109,0.32998707456617515,-1.127231897156711,2,173_21_Miyz_Spin,5.8,0.1,48.0,3.9,0.3,40.0
110,0.11517860346907557,0.24110972433367986,2,174_21_Miyz_Spin,6.2,0.08,86.0,1.3,0.5,51.0
111,1.7995144981687425,0.8524035601548554,2,175_21_Miyz_Spin,7.2,0.11,100.0,2.0,0.3,80.0
112,1.1395496219415793,0.08024866886667247,2,176_21_Miyz_Spin,6.8,0.12,45.0,2.2,0.3,62.0
113,0.4677663464649819,0.3148407145736881,2,177_21_Miyz_Spin,6.8,0.1,24.0,1.5,0.3,50.0
114,1.4059189671554961,-0.04081930849439266,2,178_21_Miyz_Spin,6.8,0.12,60.0,3.0,0.2,62.0
115,2.3220235824867674,-0.7153628988706223,0,179_21_Miyz_Spin,6.7,0.17,61.0,3.7,0.4,81.0
116,2.9807368322253467,-1.020976054376765,0,180_21_Miyz_Spin,6.7,0.19,75.0,4.6,0.1,88.0
117,0.18046132695600564,-0.04688212691522154,2,181_21_Miyz_Spin,6.5,0.08,21.0,2.3,0.4,48.0
118,1.4426315702003634,-1.2029558529034743,2,182_21_Miyz_Spin,6.3,0.14,23.0,4.3,0.3,64.0
119,0.6203043625442904,-0.9776573790250552,2,183_21_Miyz_Spin,6.2,0.11,18.0,3.9,0.4,46.0
120,0.32859675981429326,-0.9150190039696631,2,184_21_Miyz_Spin,6.1,0.11,9.0,3.1,0.3,44.0
121,0.09112695148327342,0.1119540009111157,2,185_21_Miyz_Spin,6.6,0.08,8.0,1.8,0.3,48.0
122,3.5871348984462177,-0.7118616113449643,0,186_21_Miyz_Spin,6.9,0.2,75.0,3.6,0.3,125.0
123,2.2763031780436185,-1.5862047098817698,0,187_21_Miyz_Spin,6.4,0.15,62.0,6.7,0.5,64.0
124,-0.1396637198032414,-1.1815750883286165,1,188_21_Miyz_Spin,5.8,0.09,29.0,4.1,0.5,24.0
125,1.5062281715634431,-1.0312554331377277,0,189_21_Miyz_Spin,6.0,0.13,119.0,4.8,0.3,52.0
126,0.21389528775062946,-2.785384363682956,1,190_21_Miyz_Spin,4.9,0.14,43.0,5.8,0.6,21.0
127,-1.0414466199015577,-0.6541494790747717,1,191_21_Miyz_Spin,5.6,0.06,15.0,1.8,0.4,29.0
128,-1.4427500034093277,0.28215225386775517,1,192_21_Miyz_Spin,6.2,0.04,8.0,1.0,0.3,8.0
129,-1.3777985471928096,0.3564088985796152,1,193_21_Miyz_Spin,6.3,0.04,8.0,1.1,0.3,7.0
130,2.355821018549283,-1.4999309477922116,0,194_21_Miyz_Spin,6.4,0.17,99.0,6.6,0.7,50.0
131,1.8977380613474344,-1.075085952012901,0,195_21_Miyz_Spin,6.6,0.16,90.0,5.9,0.7,34.0
132,3.1958355560883795,-1.6703396282657028,0,196_21_Miyz_Spin,6.4,0.19,154.0,7.8,0.6,55.0
133,1.634169604687613,-0.7053916846564802,0,197_21_Miyz_Spin,6.5,0.14,128.0,5.4,0.9,33.0
134,0.5640144828955796,-1.0779482297316192,2,198_21_Miyz_Spin,6.1,0.12,66.0,4.7,0.9,23.0
135,3.00351852252734,-2.809553285685952,0,199_21_Miyz_Spin,6.0,0.22,46.0,7.5,0.9,76.0
136,1.5949739834530787,-1.9645636171599083,0,200_21_Miyz_Spin,6.1,0.15,13.0,6.0,0.9,62.0
137,0.5413303788166627,-0.8093484503025282,2,201_21_Miyz_Spin,6.3,0.11,43.0,4.2,0.7,31.0
138,1.253996333085724,-0.4899457687766381,2,202_21_Miyz_Spin,6.4,0.12,126.0,4.7,0.8,35.0
139,2.88428656616097,-0.3988270779678809,0,203_21_Miyz_Spin,6.6,0.16,206.0,5.4,0.7,66.0
140,0.17012993076295807,-0.32170905678286404,2,204_21_Miyz_Spin,6.4,0.1,46.0,3.0,0.9,29.0
141,-0.6617587751729821,-1.3456186404800443,1,205_21_Miyz_Spin,5.6,0.09,32.0,4.1,1.0,6.0
142,0.9682788422357906,-0.274518562247269,2,206_21_Miyz_Spin,6.5,0.11,110.0,4.2,0.9,33.0
143,0.8903240090382681,0.16783712954342248,2,207_21_Miyz_Spin,6.4,0.1,164.0,3.5,0.7,30.0
144,0.321961456247698,0.15785711819208814,2,208_21_Miyz_Spin,6.5,0.08,91.0,3.0,0.7,32.0
145,0.9251320735902118,0.5210099409682801,2,209_21_Miyz_Spin,6.6,0.09,157.0,3.0,0.5,37.0
146,0.9326300085861675,0.06483915558839312,2,210_21_Miyz_Spin,6.4,0.11,157.0,3.5,0.6,27.0
147,0.34486694140172186,0.3400500252850798,2,211_21_Miyz_Spin,6.5,0.09,127.0,2.8,0.7,20.0
148,0.41025252448494126,-2.1573576253951745,1,212_21_Miyz_Edam,5.4,0.13,20.0,5.0,0.4,35.0
149,5.213192656091516,-1.0812794572917745,0,213_21_Miyz_Edam,6.9,0.21,246.0,8.4,0.4,107.0
150,6.445137078149176,0.24144780607102595,0,214_21_Miyz_Edam,6.8,0.21,516.0,8.3,0.4,110.0
151,0.6108747270224716,0.23217088550704537,2,215_21_Miyz_Edam,6.8,0.09,43.0,2.5,0.5,49.0
152,-0.35651650100629834,0.5215265825693705,2,216_21_Miyz_Edam,6.5,0.06,74.0,1.9,0.4,20.0
153,0.3919448780065694,-0.6237213191549438,2,217_21_Miyz_Edam,6.4,0.1,29.0,3.9,0.4,29.0
154,-0.41446864890746793,-0.11614413168296568,1,218_21_Miyz_Edam,6.2,0.07,46.0,2.4,0.3,21.0
155,-0.737059683014826,0.39609546162255815,1,219_21_Miyz_Edam,6.3,0.05,70.0,1.9,0.3,11.0
156,0.0546039932662067,0.12530157325338737,2,220_21_Miyz_Edam,6.4,0.07,64.0,2.5,0.3,35.0
157,-0.20416341971142335,0.008424792840041075,1,221_21_Miyz_Edam,6.0,0.07,101.0,2.2,0.4,29.0
158,-0.6080321145313401,-0.5094322722250458,1,222_21_Miyz_Edam,5.7,0.07,78.0,2.7,0.4,16.0
159,0.22549730400041795,0.1356442250548472,2,223_21_Miyz_Edam,6.4,0.08,85.0,2.6,0.4,33.0
160,-0.3899274458974556,1.3914336581315572,2,224_21_Miyz_Edam,7.0,0.04,50.0,0.4,0.2,36.0
161,0.9145067662064054,0.7845822580988564,2,225_21_Miyz_Edam,6.8,0.09,143.0,2.4,0.6,42.0
162,-0.0649106482835724,1.329454458713551,2,226_21_Miyz_Edam,7.1,0.05,57.0,0.8,0.6,43.0
163,0.14328926577691775,0.8804675432539938,2,227_21_Miyz_Edam,6.8,0.07,99.0,1.8,0.5,28.0
164,-0.5934009976685523,0.36567536480921486,1,228_21_Miyz_Edam,6.5,0.06,30.0,1.6,0.4,22.0
165,0.5867822062781987,0.20286957228240582,2,229_21_Miyz_Edam,6.7,0.08,32.0,2.2,0.5,64.0
166,-0.14724252422567233,-0.5297760002182053,1,230_21_Miyz_Edam,6.0,0.08,48.0,2.9,0.6,34.0
167,-0.9261729913962401,0.2718441943923176,1,231_21_Miyz_Edam,6.3,0.05,34.0,1.6,0.5,16.0
168,-0.5830386348387072,0.5008058836850842,2,232_21_Miyz_Edam,6.7,0.06,19.0,1.6,0.6,21.0
169,-0.09224250533046777,0.3776546729282634,2,233_21_Miyz_Edam,6.5,0.07,74.0,2.1,0.6,29.0
170,-0.6112346600375543,-0.10636223650436542,1,234_21_Miyz_Spin,6.3,0.07,12.0,2.0,0.6,24.0
171,1.846482231986236,0.08270016537807978,0,236_21_Miyz_Spin,6.3,0.12,219.0,3.8,0.8,59.0
172,0.418842045007942,-0.7972067256449497,2,237_21_Miyz_Spin,6.2,0.1,46.0,4.1,0.7,34.0
173,-0.4874811773168061,-0.23371773316105118,1,238_21_Miyz_Spin,6.2,0.08,22.0,2.0,0.7,27.0
174,-1.2085965216777388,0.6581157714833052,1,239_21_Aomo_Appl,6.47,0.04,5.0,0.3,0.9,29.0
175,0.9923988504615604,-0.583315617830881,2,240_21_Aomo_Appl,6.02,0.08,51.0,2.8,0.8,102.0
176,-0.84388832822808,0.25466890263991365,1,241_21_Aomo_Appl,6.15,0.06,49.0,1.0,0.8,27.0
177,0.10823045700613372,-0.18927990392844807,2,242_21_Aomo_Appl,5.99,0.07,43.0,1.4,0.8,78.0
178,-1.3551098063273692,0.28523577574774633,1,243_21_Aomo_Appl,5.94,0.05,46.0,0.3,1.0,23.0
179,1.035761104972215,0.4319784189620793,2,244_21_Aomo_Appl,5.91,0.08,153.0,0.4,0.7,110.0
180,-0.5955646027848568,0.6983517298642724,2,245_21_Aomo_Appl,6.59,0.06,33.0,0.6,0.6,33.0
181,-1.0187668815390123,0.67478918849858,1,246_21_Aomo_Appl,6.54,0.05,22.0,0.6,0.9,23.0
182,-0.1887201925723548,1.1389436386566223,2,247_21_Aomo_Appl,6.64,0.05,81.0,0.2,0.6,53.0
183,1.0856827332172219,1.239100302833314,2,248_21_Aomo_Appl,7.04,0.11,123.0,0.4,0.6,62.0
184,0.317514421660685,0.9872618475548103,2,249_21_Aomo_Appl,6.86,0.06,35.0,0.3,0.3,76.0
185,0.9489459911725769,1.095170739484434,2,250_21_Aomo_Appl,6.76,0.06,83.0,0.3,0.3,103.0
186,0.440717707541067,1.4496715352157892,2,251_21_Aomo_Appl,7.04,0.06,87.0,0.3,0.4,64.0
187,1.0484407575798877,0.850041761571602,2,252_21_Aomo_Appl,6.84,0.06,51.0,0.9,0.3,107.0
188,1.116311971155543,2.546498209385891,2,253_21_Sait_Spin,7.55,0.1,240.0,0.0,1.3,34.0
189,1.741613399879825,2.088241084494853,2,254_21_Sait_Spin,7.63,0.12,219.0,1.1,0.9,42.0
190,1.0372259398029267,1.6841273345294336,2,255_21_Sait_Spin,6.73,0.09,280.0,1.4,1.0,32.0
191,-0.1971700264062016,1.594406212751877,2,256_21_Sait_Spin,6.98,0.05,100.0,0.1,1.2,44.0
192,-0.4100883740009744,1.6108610997893407,2,257_21_Sait_Spin,7.13,0.05,81.0,0.4,0.8,23.0
193,0.8198916123121072,1.4289221940048888,2,258_21_Sait_Spin,7.19,0.11,147.0,0.9,0.8,31.0
194,1.3649197594346238,0.5472291010840467,2,259_21_Sait_Spin,6.62,0.1,170.0,2.8,0.7,57.0
195,-0.0994736500575828,0.7850988463512591,2,260_21_Naga_Appl,6.83,0.08,41.0,0.7,0.8,40.0
196,-0.48793102444526404,0.8636724239768834,2,261_21_Naga_Appl,6.89,0.07,22.0,0.6,0.8,28.0
197,0.2753838213932158,0.437601006818388,2,262_21_Naga_Appl,6.58,0.09,51.0,0.9,0.8,59.0
198,-1.0070208661228561,0.3175108589813874,1,263_21_Naga_Appl,6.3,0.06,15.0,0.6,1.0,29.0
199,2.876565396502833,0.5127825409911262,0,264_21_Naga_Appl,7.08,0.17,141.0,1.6,1.5,118.0
200,1.3878155765591556,0.928257221660066,2,265_21_Naga_Appl,7.32,0.13,53.0,0.6,0.7,75.0
201,1.3980296160461283,1.051209445591768,2,266_21_Naga_Appl,7.07,0.12,122.0,0.9,0.7,68.0
202,0.05228072298801015,1.2432211632293386,2,267_21_Naga_Appl,7.11,0.07,44.0,0.3,0.6,47.0
203,0.4000613909096413,1.122452564531934,2,268_21_Naga_Appl,7.01,0.09,76.0,0.4,0.9,52.0
204,-0.17387458829828897,0.9780178068942589,2,269_21_Naga_Appl,6.93,0.07,27.0,0.3,0.7,46.0
205,-0.34611557754009314,0.9794866156899368,2,270_21_Naga_Appl,6.9,0.06,35.0,0.7,0.7,36.0
206,-1.0952731182734086,0.08982925662867283,1,271_22_Naga_Rice,5.9,0.06,46.0,0.7,0.4,21.0
207,-1.2254402271221443,0.3377834184032524,1,272_22_Naga_Rice,6.0,0.05,45.0,0.4,0.3,19.0
208,4.321339731433964,2.0915665306950446,0,273_22_Naga_Rice,7.1,0.14,423.0,2.2,0.3,121.0
209,-0.6740412712355123,1.1252920902921197,1,274_22_Naga_Rice,6.6,0.06,87.0,0.2,0.3,15.0
210,-1.305432557336336,0.41615608277848365,1,275_22_Naga_Rice,6.2,0.07,28.0,0.0,0.4,6.0
211,-0.9888686978943035,0.7998557293642045,1,276_22_Naga_Rice,6.6,0.07,32.0,0.1,0.4,8.0
212,-1.1921302869269965,0.6694802995939477,1,277_22_Naga_Rice,6.4,0.05,40.0,0.6,0.4,7.0
213,-1.2910384950848548,0.42733967130723616,1,278_22_Naga_Rice,6.2,0.05,37.0,0.7,0.5,9.0
214,-1.0017691200715415,0.5268195636832509,1,279_22_Naga_Rice,6.4,0.06,39.0,0.8,0.6,12.0
215,-1.2023019173052336,0.7071111241755889,1,280_22_Naga_Rice,6.4,0.05,44.0,0.5,0.6,9.0
216,-0.8563430374615122,1.105827108284902,1,281_22_Naga_Rice,6.8,0.05,38.0,0.3,0.5,18.0
217,-0.8853824747607498,0.7976660878056633,1,282_22_Naga_Rice,6.6,0.05,45.0,0.9,0.6,15.0
218,-1.2415250868680217,-0.4652438159644281,1,283_22_Miyz_Soyb,5.7,0.06,3.0,1.2,0.5,26.0
219,-0.3481076969632967,-0.5127242978031068,1,284_22_Miyz_Soyb,5.8,0.09,2.0,0.6,0.7,66.0
220,-0.05585435119106047,-0.2558104296160663,2,285_22_Miyz_Soyb,6.4,0.09,12.0,2.2,1.2,45.0
221,-0.9764980003362038,-1.5562548061958719,1,286_22_Hokk_Soyb,5.4,0.08,9.0,4.0,0.8,6.0
222,-1.6441997627330038,-0.20897749190843984,1,287_22_Hokk_Soyb,5.5,0.04,55.0,1.1,0.9,14.0
223,-1.5497540648791754,0.5790474481252911,1,288_22_Hokk_Soyb,6.2,0.03,35.0,0.5,1.3,19.0
224,-0.7381071509520336,-0.6493952400106618,1,289_22_Hokk_Whea,5.6,0.1,13.0,0.5,0.4,39.0
225,-0.6942772991863312,-1.3650900042762675,1,290_22_Hokk_Whea,5.3,0.12,8.0,1.5,0.7,32.0
226,-0.7328052784680175,-0.6906204384968757,1,291_22_Hokk_Whea,5.5,0.08,49.0,1.6,0.7,35.0
227,-0.6568295750600133,0.32001325281061793,1,292_22_Hokk_Whea,6.2,0.06,48.0,0.9,0.5,34.0
228,-0.3954379015318021,-1.1997040045963259,1,293_22_Hokk_Whea,5.6,0.14,10.0,1.5,0.7,26.0
229,-0.5554184224388218,-1.3323719348586518,1,294_22_Hokk_Whea,5.4,0.14,9.0,1.2,0.8,29.0
230,-1.2014328034320954,-0.4336840684611351,1,295_22_Hokk_Whea,5.8,0.08,12.0,1.1,0.8,15.0
231,-0.5628352472946059,-0.5676732741345596,1,296_22_Hokk_Whea,5.8,0.11,19.0,0.8,0.6,33.0
232,-0.5244240707743633,0.1756431374389276,1,297_22_Hokk_Whea,6.4,0.1,12.0,0.4,0.4,25.0
233,-0.8059749598484146,-0.3209407248975321,1,298_22_Hokk_Whea,6.0,0.1,14.0,0.9,0.5,17.0
234,-1.0091992453821503,-0.9958880479582833,1,299_22_Hokk_Whea,5.3,0.11,30.0,0.9,0.4,18.0
235,-0.25379908065454765,-0.5904075988533339,1,300_22_Hokk_Whea,5.8,0.12,34.0,0.9,0.4,37.0
236,-0.8713120867817101,-0.38052185607879385,1,301_22_Hokk_Whea,5.7,0.08,38.0,1.0,0.4,27.0
237,-0.5446407233386661,-0.5843055943564134,1,302_22_Hokk_Whea,5.7,0.1,39.0,1.2,0.5,32.0
238,-0.40391324570727494,0.30424072473301267,1,303_22_Hokk_Whea,6.1,0.06,76.0,1.1,0.5,42.0
239,0.014278977419878651,0.141600448598164,2,304_22_Hokk_Whea,6.6,0.09,16.0,1.6,0.4,39.0
240,1.1896450581950198,-1.1467528591112988,2,305_22_Hokk_Whea,6.3,0.13,19.0,4.3,0.5,59.0
241,-0.9900456225083492,0.012362872674164846,1,306_22_Hokk_Whea,5.8,0.04,55.0,1.3,0.5,34.0
242,-0.06959744023282742,0.5382121379132453,1,307_22_Hokk_Whea,6.0,0.07,172.0,1.6,0.3,24.0
243,-0.04872818133763316,0.3262065046114401,2,308_22_Hokk_Whea,6.4,0.08,74.0,1.6,0.5,34.0
244,-1.5249806965808015,-0.4688546211296936,1,309_22_Chib_Whea,5.5,0.07,3.0,0.1,0.8,28.0
245,-1.165202575983939,-0.7989410808697298,1,310_22_Chib_Whea,5.4,0.09,3.0,0.4,0.7,35.0
246,-1.1664735927985563,-0.37577176331874534,1,311_22_Chib_Whea,5.7,0.08,5.0,0.2,0.9,35.0
247,-1.2183503433926495,-0.34221232645247124,1,312_22_Chib_Whea,5.7,0.08,6.0,0.1,0.9,33.0
248,-0.8974729510886765,-0.4856961511827217,1,313_22_Chib_Whea,5.7,0.09,7.0,0.3,1.1,45.0
249,-0.6085059511061802,-0.012067260014844471,2,314_22_Chib_Whea,6.2,0.09,8.0,0.3,1.6,50.0
250,-1.783875022307854,-0.601663100798174,1,315_22_Miyg_Rice,5.3,0.07,7.0,0.0,0.7,19.0
251,-1.832808472814581,-0.5057037527681185,1,316_22_Miyg_Rice,5.2,0.04,5.0,0.0,0.4,35.0
252,-1.8704564858788821,-0.3920478731845626,1,317_22_Miyg_Rice,5.3,0.04,7.0,0.0,0.5,30.0
253,-1.8927397767579173,-0.26925337005961925,1,318_22_Miyg_Rice,5.4,0.04,15.0,0.1,0.6,23.0
254,-2.0350735839562817,-0.34644267979410454,1,319_22_Miyg_Rice,5.3,0.04,14.0,0.0,0.7,21.0
255,-2.1171310349895704,-0.35456120565138494,1,320_22_Miyg_Rice,5.3,0.04,12.0,0.0,0.8,18.0
256,-1.9644268399219134,-0.28725883206423486,1,321_22_Miyg_Rice,5.4,0.04,13.0,0.1,0.9,23.0
257,-1.4671511166286184,-0.09135106982119402,1,322_22_Niig_Rice,5.7,0.05,14.0,0.2,0.6,30.0
258,-1.6239687745197413,-0.5777899835723728,1,323_22_Niig_Rice,5.3,0.07,18.0,0.1,0.7,24.0
259,-1.5164223625956994,-0.13071413880769603,1,324_22_Niig_Rice,5.7,0.06,20.0,0.2,0.9,23.0
260,-1.4140172421619461,-0.0951068236633718,1,325_22_Niig_Rice,5.7,0.05,15.0,0.2,0.7,34.0
261,-1.6140993893674227,-0.005419169218526959,1,326_22_Niig_Rice,5.7,0.04,8.0,0.0,0.7,33.0
262,2.8615620393163503,0.5189610850579497,0,327_22_Niig_Pear,6.8,0.17,262.0,3.4,0.8,63.0
263,1.190600508125487,1.4929800214652913,2,328_22_Niig_Pear,6.9,0.11,222.0,1.0,0.8,41.0
264,2.1426832676742924,1.1734625466000448,0,329_22_Niig_Pear,6.5,0.12,321.0,2.3,1.0,63.0
265,2.7005115670045097,0.9496993548635134,0,330_22_Niig_Pear,6.4,0.15,315.0,1.6,1.1,92.0
266,-1.1711024800134588,-0.6235465301568754,1,331_22_Niig_jpea,5.3,0.07,46.0,0.7,1.2,41.0
267,-0.4846598750241843,-0.34754038935606973,1,332_22_Niig_jpea,5.4,0.09,115.0,0.8,1.2,45.0
268,-1.8150049471149654,0.12650321688429927,1,333_22_Yama_Rice,5.7,0.04,25.0,0.0,0.3,12.0
269,-2.319890805086287,-0.0509415174827587,3,334_22_Yama_Rice,5.7,0.05,18.0,0.0,3.0,11.0
270,-2.1035474261399574,-0.34470694701421284,1,335_22_Yama_Rice,5.3,0.05,27.0,0.0,1.0,11.0
271,-1.759096907326527,-0.08101042041468964,1,336_22_Yama_Rice,5.5,0.04,25.0,0.0,0.2,21.0
272,-1.8318041582569289,-0.07875722460265751,1,337_22_Yama_Rice,5.5,0.04,25.0,0.0,0.3,18.0
273,-2.044818208220371,-0.20065386269444133,1,338_22_Yama_Rice,5.4,0.04,19.0,0.0,0.4,12.0
274,-2.071672319167455,-0.3702724158500914,1,339_22_Yama_Rice,5.3,0.05,19.0,0.0,0.5,9.0
275,-1.9893126176325835,-0.10698950620125125,1,340_22_Yama_Rice,5.5,0.04,15.0,0.0,0.0,8.0
276,-2.087983889684269,-0.29906779364721886,1,341_22_Yama_Rice,5.3,0.04,16.0,0.0,0.0,9.0
277,-2.1903708330612286,-0.05558428833287554,1,342_22_Yama_Rice,5.5,0.03,11.0,0.0,0.2,6.0
278,-2.004765940240943,-0.8589446625614632,1,343_22_Yama_Rice,5.0,0.05,14.0,0.7,0.1,11.0
279,-2.3722971089967277,-0.40184057874094997,1,344_22_Yama_Rice,5.1,0.03,20.0,0.0,0.2,7.0
280,-1.9186758958106636,-0.23606129380963062,1,345_22_Yama_Rice,5.3,0.04,30.0,0.0,0.0,15.0
281,-2.1914551472048602,-0.5851781907979281,1,346_22_Yama_Rice,5.1,0.05,14.0,0.0,0.3,8.0
282,-1.0039423076202887,-0.2134206694955305,1,347_22_Yama_Rice,5.8,0.09,15.0,0.0,0.1,25.0
283,0.46305855331200846,-0.15720620128789722,2,348_22_Sait_Pear,5.9,0.11,130.0,1.7,0.9,51.0
284,0.8290037803544594,-0.9081945128508355,2,349_22_Sait_Pear,5.9,0.14,91.0,3.0,1.0,49.0
285,0.3658044212111456,0.2133192186578935,2,350_22_Sait_Pear,6.4,0.08,78.0,2.0,0.6,53.0
286,-0.14143042101416708,-0.4861495679011982,1,351_22_Sait_Pear,5.9,0.11,55.0,1.6,0.6,34.0
287,-0.23160760998721033,-0.2606265507234459,1,352_22_Sait_Pear,6.0,0.1,67.0,1.6,1.0,33.0
288,0.5437041179956655,0.3641370413012863,2,353_22_Sait_Pear,6.4,0.09,120.0,2.0,0.7,47.0
289,2.331442153133151,1.332687766438064,0,354_22_Sait_Pear,7.3,0.15,210.0,1.7,0.4,58.0
290,0.23681567700809952,0.8301628303452161,2,355_22_Sait_Pear,6.6,0.08,130.0,1.6,0.3,26.0
291,0.5310790512534141,0.6676378469422428,2,356_22_Sait_Pear,6.4,0.08,160.0,2.0,0.4,38.0
292,0.4661522031617351,-0.12678211597226555,2,357_22_Sait_Pear,6.3,0.1,100.0,3.0,0.4,29.0
293,-1.0722133604144972,0.48346435105778063,1,358_22_Sait_Pear,6.2,0.05,49.0,0.7,0.3,16.0
294,-0.2615509094313635,0.26464090300507725,2,359_22_Sait_Pear,6.5,0.09,41.0,1.3,0.6,26.0
295,-2.274230007595059,0.06557647054032568,3,361_22_Miee_Soyb,5.9,0.04,19.0,0.5,3.9,17.0
296,-1.1284801500941262,0.5230786888939047,3,362_22_Miee_Soyb,6.7,0.09,49.0,1.0,3.8,9.0
297,-1.4087446315604244,0.5219100940412977,3,363_22_Miee_Soyb,6.6,0.08,38.0,0.7,3.7,8.0
298,-1.4545201532697938,0.6207642292432929,3,364_22_Miee_Soyb,6.6,0.07,45.0,0.7,3.9,12.0
299,-2.0311172841103606,0.19941824667102406,3,365_22_Miee_Soyb,6.1,0.05,20.0,0.6,3.2,8.0
300,-2.1910940588170242,0.054835063078790325,3,366_22_Miee_Soyb,5.8,0.04,24.0,0.4,2.8,12.0
301,-1.6360759840421295,0.03607886316404826,3,367_22_Miee_Soyb,5.8,0.06,82.0,0.9,3.9,23.0
302,-1.576483055263125,-0.1358246239896936,3,368_22_Miee_Soyb,5.9,0.06,30.0,0.9,3.4,31.0
303,-1.8286295946933944,0.02630943950150134,3,369_22_Miee_Soyb,5.8,0.05,46.0,0.5,3.5,28.0
304,-1.7931368203669218,0.05258026201940346,3,370_22_Miee_Soyb,6.0,0.06,30.0,0.6,3.5,20.0
305,-1.897550638197995,-0.406178994467051,3,371_22_Miee_Soyb,5.5,0.06,68.0,1.1,4.6,28.0
306,-1.5588682817484014,0.32938881679818593,3,372_22_Miee_Soyb,6.2,0.05,39.0,0.7,3.5,29.0
307,-2.0523661669212894,-0.31738365228323917,3,373_22_Miee_Soyb,5.6,0.05,40.0,0.9,4.2,27.0
308,-2.028779802849242,-0.13961273256105258,3,374_22_Miee_Soyb,5.7,0.05,43.0,0.7,3.9,23.0
