index,d__Bacteria;p__Abditibacteriota,d__Bacteria;p__Acidobacteriota,d__Bacteria;p__Actinobacteriota,d__Bacteria;p__Armatimonadota,d__Bacteria;p__Bacteroidota,d__Bacteria;p__Bdellovibrionota,d__Bacteria;p__Campilobacterota,d__Bacteria;p__Chloroflexi,d__Bacteria;p__Cyanobacteria,d__Bacteria;p__Dadabacteria,d__Bacteria;p__Deferrisomatota,d__Bacteria;p__Deinococcota,d__Bacteria;p__Dependentiae,d__Bacteria;p__Desulfobacterota,d__Bacteria;p__Elusimicrobiota,d__Bacteria;p__Entotheonellaeota,d__Bacteria;p__FCPU426,d__Bacteria;p__Fibrobacterota,d__Bacteria;p__Firmicutes,d__Bacteria;p__Fusobacteriota,d__Bacteria;p__GAL15,d__Bacteria;p__Gemmatimonadota,d__Bacteria;p__Halanaerobiaeota,d__Bacteria;p__Hydrogenedentes,d__Bacteria;p__Latescibacterota,d__Bacteria;p__MBNT15,d__Bacteria;p__Methylomirabilota,d__Bacteria;p__Myxococcota,d__Bacteria;p__NB1-j,d__Bacteria;p__Nitrospinota,d__Bacteria;p__Nitrospirota,d__Bacteria;p__Patescibacteria,d__Bacteria;p__Planctomycetota,d__Bacteria;p__Proteobacteria,d__Bacteria;p__RCP2-54,d__Bacteria;p__SAR324_clade(Marine_group_B),d__Bacteria;p__Spirochaetota,d__Bacteria;p__Sumerlaeota,d__Bacteria;p__Sva0485,d__Bacteria;p__TA06,d__Bacteria;p__TX1A-33,d__Bacteria;p__Verrucomicrobiota,d__Bacteria;p__WPS-2,d__Bacteria;p__WS1,d__Bacteria;p__WS2,d__Bacteria;p__WS4,d__Bacteria;p__Zixibacteria
2020-Hojo-A-01_S1,0,8186,16882,211,1631,213,0,17709,769,0,14,0,0,3837,0,0,0,149,4608,0,0,496,0,0,21,738,151,2441,0,48,1738,56,2108,21986,188,0,69,0,249,0,17,1229,0,17,0,0,0
2020-Hojo-A-02_S2,0,4546,6012,102,619,66,0,4475,173,0,0,0,0,2197,0,0,0,42,1794,0,0,311,0,0,0,339,35,1400,0,83,528,15,453,7675,68,0,68,0,118,0,7,242,0,0,0,0,0
2020-Hojo-A-03_S3,3,19186,31450,576,1774,240,0,22983,2590,0,0,0,0,3275,0,0,0,194,7879,0,0,1694,0,0,175,929,590,6158,0,28,2103,96,4392,31736,394,10,116,35,321,0,0,2303,0,0,0,0,21
2020-Hojo-A-04_S4,0,23994,33565,412,2381,335,0,29500,1720,33,0,0,0,4564,0,0,0,279,13101,0,0,1656,0,0,228,1411,1301,6391,38,144,3529,100,4656,36350,662,6,194,17,575,0,0,2747,24,32,0,0,27
2020-Hojo-A-05_S5,0,605,1053,12,151,0,0,899,37,0,0,0,3,342,0,0,0,27,749,0,0,30,0,0,0,39,0,203,0,0,43,0,0,1029,0,0,7,0,30,0,0,0,0,0,0,0,0
2020-Hojo-A-06_S6,0,15771,34677,392,2606,576,5,24602,2002,15,23,0,11,4746,0,0,0,342,15726,0,0,796,0,0,96,735,560,5801,0,171,1476,52,3298,30948,273,0,139,20,306,0,0,2353,12,20,0,18,9
2020-Hojo-A-07_S7,0,12680,22352,437,3385,580,15,24599,2135,0,21,0,0,4568,0,0,0,427,11169,0,0,1039,0,0,42,1003,432,4879,14,37,2362,141,3704,32615,246,0,191,25,539,0,0,1985,0,0,0,0,28
2020-Hojo-A-08_S8,5,18468,23264,204,2698,502,0,20849,1774,9,33,0,32,3394,0,0,0,205,16379,0,0,760,0,0,94,571,524,6741,3,88,2003,68,4543,29379,251,31,224,11,462,0,14,2085,6,27,0,48,24
2020-Hojo-A-09_S9,5,10130,12506,298,1563,254,0,8205,434,20,20,0,12,2185,0,0,7,136,7651,0,0,521,0,0,92,237,280,3123,4,0,567,9,3439,17899,207,0,118,0,92,0,0,1557,10,11,0,0,0
2020-Hojo-A-10_S10,5,16067,33125,269,3765,918,17,22017,1304,0,0,0,18,4864,13,0,0,309,19071,0,0,1026,0,0,104,788,369,6517,2,108,2240,178,5622,40131,209,0,228,4,448,0,0,1745,0,15,0,0,47
2020-Hojo-AK-01_S31,0,33663,26918,1061,4404,681,0,39168,2900,76,50,0,13,3967,104,15,58,210,7311,0,0,2795,0,0,245,1075,2310,8760,76,67,3033,107,10903,51388,1345,76,303,7,510,0,0,6172,22,0,0,58,21
2020-Hojo-AK-02_S32,0,17100,15119,346,3417,249,0,20650,1983,32,35,0,21,3925,0,0,18,150,6531,6,0,1345,0,0,189,1154,808,5452,118,88,4260,83,3893,28071,517,16,336,21,584,0,0,1724,0,0,0,0,67
2020-Hojo-AK-03_S33,0,15403,12445,520,2324,487,0,23917,1298,26,29,0,51,2830,21,0,0,175,4529,0,0,1101,0,0,50,764,477,3632,40,49,2073,43,5649,32549,794,0,208,0,298,0,0,2759,95,13,0,0,8
2020-Hojo-AK-04_S34,3,19360,13332,330,1217,457,0,12188,140,6,0,0,0,1218,0,0,0,38,3874,0,0,1563,0,0,34,206,439,4109,13,0,602,13,3125,20725,239,0,128,0,121,0,0,1343,671,15,0,19,34
2020-Hojo-AK-05_S35,4,16691,14765,321,3370,662,15,31922,1960,0,12,0,21,4596,0,0,0,219,4109,0,0,911,0,0,41,1005,334,4385,29,0,4138,58,4647,28647,300,25,288,13,391,10,13,2512,27,6,0,0,38
2020-Hojo-AK-06_S36,3,22866,20840,256,3295,201,0,20201,843,46,41,0,41,3687,65,0,40,127,6092,0,0,1923,0,0,371,995,1325,6754,160,113,4388,58,5381,35266,742,0,450,0,437,0,0,2439,0,0,0,0,10
2020-Hojo-AK-07_S37,0,3124,5405,96,333,9,0,2199,78,0,0,0,0,218,0,0,0,16,541,0,0,680,0,0,20,0,20,844,0,0,87,0,671,5072,92,0,5,0,0,0,0,596,72,0,0,0,0
2020-Hojo-AK-08_S38,9,17133,31056,729,1359,241,0,17944,427,0,0,0,0,624,21,0,0,95,2228,0,0,3040,0,0,28,223,106,4144,0,0,654,61,5795,29705,280,0,20,0,27,0,0,2915,723,0,0,0,0
2020-Hojo-AK-09_S39,19,17703,41791,853,3673,442,0,16818,188,0,0,12,0,771,40,0,0,16,3899,0,0,5455,10,0,310,45,120,6054,4,0,577,53,4805,36119,231,13,8,40,0,0,0,3628,224,0,9,0,0
2020-Hojo-AK-10_S40,0,13322,20803,386,475,206,0,15374,30,0,0,0,0,378,0,0,0,19,1858,0,0,1761,0,0,27,0,177,2256,0,0,293,0,3418,21162,149,0,20,0,16,0,0,1377,1156,0,0,0,0
2020-Hojo-N-01_S11,0,23469,42786,488,3634,995,0,38625,16434,71,55,0,65,4940,7,0,71,587,50759,18,0,1458,0,0,209,1234,1306,14745,168,174,5636,280,17567,60428,537,18,449,5,600,12,12,4389,0,18,0,22,33
2020-Hojo-N-02_S12,0,16193,31167,168,1684,597,0,17785,2983,66,11,0,35,2346,0,0,21,212,23465,0,0,694,0,0,149,685,949,5483,298,104,2656,61,12079,49726,422,0,279,0,567,0,0,2479,23,0,0,23,9
2020-Hojo-N-03_S13,0,2946,6262,9,699,177,0,3287,839,4,12,0,7,682,0,0,30,131,12169,5,0,90,0,0,33,192,99,2155,47,58,1177,24,1316,9915,94,0,138,0,146,0,0,488,0,0,0,0,6
2020-Hojo-N-04_S14,0,17839,18005,266,1946,488,0,19644,1188,99,17,0,13,2308,0,0,17,118,16289,0,0,1074,0,0,64,626,828,7679,80,45,1819,55,7676,36983,527,26,133,24,219,0,10,2265,129,0,0,0,0
2020-Hojo-N-05_S15,0,12798,12905,277,1621,566,0,16176,1130,46,41,0,12,2095,0,0,7,219,16663,0,0,1003,0,0,11,629,415,5776,23,66,1658,56,5442,29213,294,9,161,15,376,0,0,1507,60,12,0,18,7
2020-Hojo-N-06_S16,3,11288,18701,188,1657,593,4,18418,1982,72,26,0,31,2753,0,0,35,464,28826,0,0,353,0,0,30,717,609,6223,55,39,2775,89,6329,32238,437,18,289,0,219,12,10,1297,5,0,0,0,22
2020-Hojo-N-07_S17,0,10201,10902,123,1127,414,0,14037,733,45,17,0,53,1297,0,0,14,96,7083,0,0,668,0,0,41,479,505,3141,68,26,1233,29,5525,20922,401,4,96,0,258,0,5,1512,10,13,0,0,6
2020-Hojo-N-08_S18,0,7485,10525,193,789,395,0,9201,1447,34,7,0,18,1137,0,0,23,276,13780,0,0,435,6,0,72,325,336,3666,7,33,812,10,4341,23800,435,18,82,12,131,0,0,1431,0,0,0,9,0
2020-Hojo-N-09_S19,0,7649,13391,323,1131,259,0,20652,1982,86,23,0,26,2156,48,0,0,280,12173,0,0,766,0,0,28,877,656,3919,23,53,2145,42,3254,23463,568,19,127,17,298,4,0,1926,7,0,0,27,0
2020-Hojo-N-10_S20,0,7493,17111,509,1719,133,0,18655,611,34,31,0,0,1593,12,0,0,86,7353,0,0,1105,0,0,155,708,665,3701,172,96,1253,3,2251,19005,318,12,69,0,128,4,12,1904,10,0,0,18,14
2020-Hojo-S-1_S21,5,10926,27373,508,775,214,0,9727,85,0,0,7,4,378,0,85,0,0,13405,0,0,3959,20,0,425,67,1072,3010,122,0,697,6,2820,19550,51,14,0,12,0,0,0,1087,0,0,0,0,5
2020-Hojo-S-10_S30,0,1582,20329,11,19,101,0,3752,30,0,0,3834,10,29,0,0,0,0,72921,0,0,2444,18,0,0,0,0,871,0,0,27,14,558,5664,83,0,0,0,0,0,0,1958,0,0,0,0,0
2020-Hojo-S-2_S22,0,1247,25515,8,218,32,0,4260,0,0,0,0,0,120,0,0,0,0,37543,0,0,853,10,0,14,10,278,1006,0,0,41,50,859,21410,0,0,0,0,0,0,0,477,0,0,4,0,0
2020-Hojo-S-3_S23,0,9992,33152,937,985,280,0,10995,712,0,0,80,0,214,0,112,0,19,11258,0,0,5013,26,0,299,0,660,3416,34,0,703,8,3132,21259,120,0,0,14,0,0,0,1027,0,0,0,0,0
2020-Hojo-S-4_S24,0,9564,28967,664,1218,247,0,10103,130,0,0,19,0,150,23,22,0,0,15725,0,0,5037,30,0,350,70,527,3396,86,0,526,46,2965,22598,58,0,0,6,0,0,0,1136,4,0,0,0,0
2020-Hojo-S-5_S25,6,12755,47794,950,1449,472,0,13017,76,0,0,0,0,305,20,69,0,10,16006,0,0,5196,18,0,348,52,1131,3872,161,0,905,31,4261,27098,92,0,0,18,0,0,0,2147,0,0,0,0,0
2020-Hojo-S-6_S26,0,16844,46411,963,3108,837,0,15049,465,0,0,12,17,1308,0,169,0,0,69817,0,0,7794,0,0,492,100,2857,6450,153,0,1236,0,4951,40023,121,0,15,19,0,0,0,2279,0,0,4,0,17
2020-Hojo-S-7_S27,0,10839,32174,697,1670,534,0,10226,1785,0,0,22,18,89,14,0,0,0,80306,0,0,12691,0,0,30,13,502,3985,0,0,494,64,3676,33270,0,0,3,20,0,0,0,1662,0,0,20,0,0
2020-Hojo-S-8_S28,0,7584,14873,373,204,472,0,1813,2339,0,0,12,0,0,0,0,0,6,40253,0,0,3375,7,0,0,0,0,1611,0,0,57,0,821,18949,0,0,0,0,0,0,0,361,1927,0,0,0,0
2020-Hojo-S-9_S29,0,12883,33553,398,1635,593,0,20025,2461,0,0,89,49,0,0,0,0,21,64825,0,0,19257,63,0,77,0,455,3966,4,0,518,1844,3200,38764,0,0,19,0,0,0,0,1710,9,0,0,0,0
2020-Hojo-NA-01_S61,34,28066,47270,947,4342,903,0,18465,644,0,0,0,0,1581,113,23,0,107,22012,3,0,5173,0,0,511,174,1708,7383,179,0,1313,11,6812,44371,93,4,15,0,0,0,0,4645,55,0,0,76,33
2020-Hojo-NA-02_S62,0,23160,36775,794,2504,578,0,13418,97,0,0,4,0,365,67,7,0,15,6520,0,0,3530,0,0,425,72,816,5052,0,0,881,62,6563,33389,91,9,3,21,0,0,0,4699,158,0,0,0,0
2020-Hojo-NA-03_S63,8,12396,16772,370,1780,321,0,8930,187,0,0,0,0,1093,0,98,0,23,25914,5,0,1972,0,0,290,178,1105,3854,293,13,665,9,2677,22130,202,14,26,0,0,0,0,1349,8,0,0,33,26
2020-Hojo-NA-04_S64,17,27976,48846,740,1118,1069,0,14984,677,0,0,0,10,412,22,0,0,81,29169,0,0,4180,0,0,54,146,186,7019,8,0,316,209,9231,37348,206,0,16,0,32,0,0,2932,1351,0,0,20,0
2020-Hojo-NA-05_S65,9,13955,27908,284,642,219,0,6443,203,0,0,0,0,272,0,0,0,23,8045,0,0,2079,0,0,12,16,74,2889,0,0,126,77,2664,18665,62,0,9,0,19,0,6,1465,720,0,0,0,0
2020-Hojo-NA-06_S66,12,12416,21784,359,696,290,0,5438,275,0,0,0,0,214,6,0,0,38,9071,0,0,1732,0,0,0,42,49,2498,0,0,96,53,2842,18501,41,0,8,0,0,0,0,887,1052,0,0,0,0
2020-Hojo-NA-07_S67,9,15802,35433,716,1704,434,0,9651,132,0,0,0,0,435,0,16,0,34,7186,0,0,3338,0,0,114,46,592,3842,33,0,446,0,4938,24985,57,0,0,0,0,0,0,3196,25,0,0,11,0
2020-Hojo-NA-08_S68,0,16474,27194,539,3304,171,0,17916,1021,0,23,0,0,1798,21,7,0,46,8060,0,0,2855,0,0,234,363,654,5228,69,168,742,13,2740,23780,247,0,62,12,136,0,16,2495,0,14,9,16,27
2020-Hojo-NA-09_S69,0,1574,3658,27,257,17,0,1297,50,0,0,0,0,211,0,0,0,33,654,0,0,155,0,0,27,47,36,601,0,21,80,0,139,2439,69,0,0,0,48,0,0,128,0,0,0,0,0
2020-Hojo-NA-10_S70,6,17339,30253,334,4054,201,0,22995,1322,0,6,0,0,2269,35,0,0,92,4607,0,0,2703,0,0,244,482,412,5087,57,152,1158,74,2425,29639,284,0,166,15,275,18,0,2362,7,0,7,20,0
2020-Hojo-H-61_S41,0,6894,11516,150,1489,79,0,12731,342,6,0,0,0,1749,0,169,0,22,1361,0,0,1020,0,0,245,1133,575,2143,120,311,582,13,1400,12341,284,0,18,0,171,0,0,1889,0,0,0,0,9
2020-Hojo-H-62_S42,0,12272,15257,395,1632,154,3,11342,363,80,21,0,0,1713,22,29,15,82,2489,0,0,1230,0,0,144,539,1040,3729,67,27,878,0,2679,19185,428,22,75,0,272,7,8,2938,4,0,0,0,20
2020-Hojo-H-63_S43,0,6934,7471,77,735,77,3,6014,196,61,14,0,0,1661,0,6,0,69,2513,0,0,592,0,0,57,518,553,1858,30,39,542,4,1211,11319,296,9,39,0,331,0,10,1465,0,6,0,0,29
2020-Hojo-H-64_S44,3,13967,16132,448,2700,116,0,10784,153,89,34,0,6,2451,33,40,0,8,3095,0,0,2304,0,0,327,703,1479,4126,207,25,802,0,2981,21439,540,24,81,10,173,0,0,3443,6,0,0,36,39
2020-Hojo-H-65_S45,0,3643,4183,91,532,46,0,2745,64,14,0,0,0,679,0,17,0,0,1063,0,0,493,0,0,39,186,243,982,0,24,204,0,379,4622,111,4,22,0,138,0,0,721,0,0,0,0,0
2020-Hojo-H-66_S46,3,13247,15253,385,1398,214,0,10403,95,82,25,0,0,1375,13,32,0,43,2818,0,0,1596,0,0,109,288,1320,3449,15,22,556,8,3238,17273,416,8,36,0,213,0,0,2659,32,8,0,9,7
2020-Hojo-H-67_S47,4,13303,13369,358,1504,271,0,11502,363,59,0,0,14,2147,53,9,13,61,4122,0,0,1424,0,0,133,523,479,4005,27,28,737,0,3731,18401,365,4,156,33,375,25,13,2331,133,0,0,9,61
2020-Hojo-H-68_S48,0,16589,20803,446,1119,201,0,13154,493,0,13,0,14,1261,28,23,0,68,3985,0,0,1573,0,0,198,420,1100,4305,32,21,534,0,4453,22774,493,5,66,0,231,0,0,3343,60,15,0,15,0
2020-Hojo-H-69_S49,5,17662,15061,460,1263,98,0,10075,100,35,5,0,0,1597,18,12,0,0,6053,0,0,1351,0,0,285,381,1121,4041,15,0,521,0,4867,20226,508,12,63,0,208,0,0,3312,128,14,0,0,0
2020-Hojo-H-70_S50,0,22543,15357,522,1431,297,0,24734,943,171,22,0,8,2545,35,0,20,74,2640,0,0,1345,0,0,171,902,842,3979,74,0,1790,17,7434,35529,682,0,111,0,609,10,0,3471,451,0,0,21,37
2020-Hojo-M-01_S51,12,16938,32387,883,2033,639,0,16741,291,0,0,0,115,626,0,24,0,16,26095,0,31,5513,49,0,323,145,925,4849,74,0,1088,79,5609,33968,162,27,0,0,0,0,0,1686,263,0,0,0,5
2020-Hojo-M-02_S52,0,20730,31977,861,1032,536,0,16062,425,16,0,7,0,1181,0,19,44,0,18672,0,43,4659,69,0,154,70,539,5894,16,0,892,32,5875,31109,111,38,7,20,0,0,0,1910,364,0,0,0,18
2020-Hojo-M-03_S53,0,21597,31751,1107,1866,584,0,16393,330,12,0,32,8,591,34,89,0,0,17415,0,127,3703,38,0,260,252,1736,5867,74,0,1122,34,6729,37115,179,26,16,0,0,0,0,2647,632,0,0,0,9
2020-Hojo-M-04_S54,0,14099,27945,411,645,396,0,13060,257,0,0,0,0,508,7,0,0,24,21995,0,0,3065,36,0,13,28,200,3770,0,0,596,11,4786,22788,181,6,0,0,0,0,7,2456,598,0,0,0,0
2020-Hojo-M-05_S55,0,22565,28705,1033,1689,586,0,18167,254,6,0,16,10,561,0,28,0,10,17099,0,64,4446,81,0,233,144,1208,5734,0,0,1130,15,7255,34431,179,0,14,0,0,0,0,2408,890,0,0,0,27
2020-Hojo-M-06_S56,0,17228,21603,953,1865,644,0,13297,284,11,0,19,29,581,17,86,19,0,10966,0,72,2960,0,0,171,159,1205,5087,49,0,903,8,5750,28363,175,12,0,0,0,0,0,2417,449,0,0,0,16
2020-Hojo-M-07_S57,0,27817,31188,1468,1487,815,0,22776,122,0,0,8,0,696,0,14,0,0,16929,0,63,4301,183,0,164,235,1244,5460,0,0,1415,24,8421,35700,254,42,19,0,0,0,0,3053,1459,0,15,0,16
2020-Hojo-M-08_S58,13,21140,25588,1317,1527,689,0,15181,303,0,0,0,0,554,20,54,0,9,13876,0,100,3839,37,0,105,113,1013,4593,41,0,873,17,6504,27683,181,19,17,0,0,0,0,2603,917,0,0,0,17
2020-Hojo-M-09_S59,14,27221,32430,1583,2266,883,0,22699,363,4,0,19,0,782,17,78,39,0,14850,0,152,5637,57,0,267,163,1999,6083,40,0,1386,9,9587,38358,127,24,19,0,0,0,0,3935,1402,0,0,0,18
2020-Hojo-M-10_S60,0,21276,24612,975,1484,669,0,18890,272,10,0,6,10,679,10,20,48,0,15271,0,90,3150,27,0,130,212,695,6058,0,0,683,45,6441,34248,163,36,13,0,0,0,0,2802,1303,0,9,0,32
2021-Hojo-001_S1,33,21494,23806,947,3806,745,0,16475,484,0,0,26,15,195,44,0,0,76,3905,0,0,4504,0,0,80,52,187,5199,13,0,495,183,12831,28366,171,0,2,0,0,0,0,4988,1064,0,6,0,0
2021-Hojo-002_S2,17,18319,34579,668,4955,511,0,23254,2141,6,0,27,0,798,15,0,16,125,11063,10,0,3922,9,0,191,93,262,6783,43,0,909,120,12978,29806,271,0,15,49,19,0,0,5992,20,0,19,0,0
2021-Hojo-003_S3,0,11295,20896,516,4519,740,0,8554,268,0,0,18,43,193,25,25,0,43,9190,0,0,3210,0,0,158,0,237,4951,45,0,684,31,9168,23972,78,0,0,19,0,0,0,5398,7,0,6,0,0
2021-Hojo-004_S4,40,14999,25734,895,4161,715,0,9597,274,0,0,42,0,120,14,0,0,0,4953,5,0,4504,0,0,128,0,73,4718,0,0,571,63,11879,26226,180,0,0,35,0,0,0,6099,238,0,12,0,0
2021-Hojo-005_S5,58,27035,26233,1151,3216,837,0,21436,330,0,0,25,0,142,62,0,0,38,2424,0,0,4987,0,0,30,27,54,4952,0,0,563,76,12630,32363,255,0,0,0,0,0,0,5173,2457,0,0,0,0
2021-Hojo-006_S6,13,17576,33071,1184,5171,815,0,15726,609,0,0,38,0,231,94,0,0,51,7757,0,0,5958,0,0,181,0,125,5431,0,0,1245,106,14258,34416,221,0,0,55,0,0,0,7012,102,0,17,0,0
2021-Hojo-007_S7,0,9378,13324,583,635,450,0,19235,237,0,0,14,7,0,10,0,20,12,3863,0,164,1350,0,0,0,0,102,2168,0,0,316,11,6547,15345,263,0,0,0,0,0,0,2505,3246,0,0,0,0
2021-Hojo-008_S8,0,10496,16612,483,2217,508,0,7801,1034,0,0,9,0,422,7,24,0,36,4901,0,0,1840,0,0,25,11,134,3700,15,0,448,0,11081,19381,104,0,0,7,0,0,0,5085,93,0,0,0,0
2021-Hojo-009_S9,26,19842,22724,913,2268,811,0,12737,265,0,0,5,13,207,18,0,0,0,5678,0,0,4067,0,0,93,32,110,5611,0,0,1033,92,15930,27688,145,0,5,0,0,0,0,5572,683,0,0,0,0
2021-Hojo-010_S10,9,14665,15355,845,2009,389,0,14424,438,0,0,8,0,100,25,0,0,31,3231,0,0,2648,0,0,46,21,42,3641,0,0,330,37,10361,20933,128,0,0,0,0,0,0,3613,656,0,0,0,0
2021-Hojo-011_S11,11,11312,16123,392,4276,844,0,11103,345,51,0,3,62,319,30,53,14,20,17646,0,0,3439,12,11,231,150,1024,3548,189,0,819,196,9256,18916,81,0,3,0,0,0,0,2490,46,0,8,0,16
2021-Hojo-012_S12,6,8017,13089,272,3433,868,0,6923,407,26,0,5,22,146,69,51,0,0,15673,0,0,2402,13,0,156,92,723,3687,204,0,572,255,6235,15343,31,0,4,0,0,0,0,1865,28,0,19,0,33
2021-Hojo-013_S13,4,11834,19090,343,4821,996,0,9259,458,22,0,4,76,277,67,74,0,32,18671,0,35,3431,9,14,476,137,1033,5068,175,0,796,205,9548,22507,5,0,11,0,0,0,0,3111,36,0,0,0,60
2021-Hojo-014_S14,6,8833,13701,302,4843,798,0,9795,559,32,0,6,22,252,68,45,0,0,9764,0,15,2821,0,0,343,136,744,2871,112,0,715,230,7783,15851,131,4,4,0,0,0,0,2425,25,0,11,9,47
2021-Hojo-015_S15,11,12783,19773,518,6205,1363,0,12900,787,14,0,12,75,377,68,96,0,0,22402,0,69,4846,12,14,503,131,852,5832,327,0,753,293,11566,26527,60,15,6,8,0,0,0,3534,47,0,0,0,109
2021-Hojo-016_S16,4,7412,12876,320,4931,786,0,8591,566,15,0,8,52,154,44,36,0,0,13639,0,13,2591,6,0,225,79,446,3115,141,0,589,325,7369,14022,33,0,17,0,0,0,0,1846,11,0,0,0,40
2021-Hojo-017_S17,5,7413,11632,282,3788,840,0,7177,323,30,0,0,57,164,62,38,0,0,12562,0,33,2286,0,4,225,37,594,2734,157,0,468,218,6493,13358,38,0,5,0,0,0,0,1851,31,0,0,0,30
2021-Hojo-018_S18,0,5756,9460,222,1883,359,0,5609,312,0,0,3,24,121,37,44,0,42,6089,0,20,1820,6,0,161,59,269,2247,23,0,390,30,3588,9946,0,6,0,0,0,0,0,1581,7,0,7,0,5
2021-Hojo-019_S19,0,4468,8585,138,1836,321,0,4360,209,6,0,0,21,83,41,26,0,19,7375,0,0,1453,0,0,52,38,341,1481,52,0,366,107,3941,8602,0,0,0,0,0,0,0,967,7,0,0,0,4
2021-Hojo-020_S20,0,8437,13771,327,3220,749,0,9073,549,13,0,0,40,301,24,73,0,0,12961,0,7,2116,13,0,374,43,642,2838,183,0,605,106,6480,14878,81,0,6,0,0,0,0,1648,12,0,0,0,68
2021-Hojo-021_S83,11,20539,34161,876,4875,1140,0,17971,1043,0,0,5,153,812,46,120,11,30,32094,0,61,6005,66,0,738,203,1648,8044,245,0,1334,150,14656,34805,67,21,5,0,0,0,0,4941,52,0,0,16,49
2021-Hojo-022_S22,0,12706,20448,511,5282,974,0,12078,1313,42,0,0,67,362,43,136,0,39,11224,0,15,3377,6,0,478,217,943,4102,203,0,894,164,11469,22249,89,0,4,9,0,0,0,3213,43,0,9,0,61
2021-Hojo-023_S23,14,12211,20048,467,3834,440,0,10656,834,8,0,15,60,210,59,159,0,35,7808,0,24,3064,6,0,359,125,746,4231,103,0,801,83,8648,19174,18,22,0,8,0,0,0,3560,26,0,0,0,8
2021-Hojo-024_S24,7,15829,24837,572,6809,1158,0,16669,649,0,0,26,73,383,50,160,0,51,20352,0,30,4826,12,10,557,175,959,7008,189,0,876,109,12307,27030,50,0,6,6,0,0,0,4117,55,0,16,0,165
2021-Hojo-025_S25,0,6921,10962,227,1848,273,0,5782,241,9,0,0,67,147,38,85,0,23,7932,0,12,2202,14,0,124,65,612,2561,83,0,531,55,4628,10653,63,7,0,0,0,0,0,2231,18,0,0,0,11
2021-Hojo-026_S26,0,9254,13761,317,3761,649,0,8015,377,7,0,3,84,257,47,80,0,26,12124,0,18,2295,6,9,376,111,861,3516,145,0,664,143,7099,15129,0,7,5,7,0,0,0,2512,37,0,0,0,77
2021-Hojo-027_S27,14,9306,16470,476,2810,431,0,11038,1041,0,0,5,46,229,21,62,6,14,3831,0,0,2814,0,0,283,51,368,3015,57,0,654,89,7607,15906,37,0,4,0,0,0,0,2578,17,0,10,0,5
2021-Hojo-028_S28,0,12884,19631,446,4927,1062,0,12968,401,42,0,0,47,343,53,92,0,31,11180,0,34,3741,6,0,408,154,1083,4598,191,0,1077,192,10351,20779,104,0,4,0,0,0,0,3147,29,0,14,0,18
2021-Hojo-029_S84,14,27122,39972,873,9458,1871,0,27558,1272,78,0,7,70,666,12,170,27,32,36512,0,9,9383,23,14,444,359,1636,9082,454,0,2196,586,22893,47518,234,0,15,6,0,0,0,5671,86,0,38,0,32
2021-Hojo-030_S30,0,10449,15795,310,4208,475,0,8482,909,38,0,0,100,392,30,59,0,23,14203,0,18,2561,0,0,302,120,691,3451,185,0,772,188,7246,17103,38,9,0,5,0,0,0,2737,35,0,9,0,53
2021-Hojo-031_S31,0,6793,9716,280,2227,332,0,6336,338,0,0,0,42,163,36,40,0,11,7501,0,5,2176,0,0,137,41,381,2212,65,0,451,100,4263,10148,11,10,0,0,0,0,0,1741,7,0,0,0,49
2021-Hojo-032_S32,7,13185,25118,535,5078,1032,0,11535,602,11,0,9,99,385,79,47,0,45,13944,0,16,3537,0,0,375,187,1028,4747,127,0,882,125,10515,22444,0,12,0,0,0,0,0,4420,25,0,17,0,86
2021-Hojo-033_S33,0,10447,14698,556,2639,379,0,7457,204,0,0,11,22,256,28,76,0,0,3710,0,49,2078,4,0,137,67,699,2838,22,0,367,40,7238,15405,18,0,8,0,0,0,0,2951,40,0,9,0,14
2021-Hojo-034_S34,0,12309,21627,504,3436,884,0,9766,390,0,0,6,56,293,39,43,6,50,13924,0,28,3619,8,0,244,130,982,3845,26,0,764,18,8996,20409,32,10,8,0,0,0,0,3555,60,0,7,0,0
2021-Hojo-035_S35,0,8015,13859,239,2699,608,0,7013,272,37,0,0,50,237,31,90,0,0,13317,0,12,1919,7,12,280,37,885,2875,191,0,614,109,6084,15381,48,0,4,0,0,0,0,1681,0,0,6,0,28
2021-Hojo-036_S36,0,9039,15413,221,3314,820,0,7574,299,53,0,0,51,198,23,52,0,0,13485,0,0,2435,18,11,179,61,897,2930,117,0,627,103,6969,16767,58,0,0,0,0,0,0,1786,0,0,11,0,5
2021-Hojo-037_S37,0,5887,13728,254,1442,336,0,6062,844,12,0,12,20,128,0,22,0,0,21892,0,90,2666,0,0,103,61,559,4642,33,0,597,255,5789,17057,21,0,0,0,0,0,0,2310,0,0,0,0,10
2021-Hojo-038_S38,5,8753,15692,351,4286,766,0,7897,550,20,0,7,78,272,89,81,0,0,14547,0,22,2910,10,0,315,97,803,3909,131,0,590,171,6634,16219,14,9,0,0,0,0,0,2293,23,0,0,0,77
2021-Hojo-039_S39,8,9837,13673,337,3614,686,0,9081,416,25,0,0,29,291,29,58,0,0,14073,0,0,3244,9,0,348,114,1073,3118,215,0,869,267,7652,16114,151,0,6,0,0,0,0,2226,22,0,0,0,26
2021-Hojo-040_S40,0,7708,11250,228,2960,638,0,6793,416,42,0,7,39,253,49,39,0,24,13249,0,0,2388,18,7,296,47,895,3170,163,0,660,178,6843,14595,31,0,0,0,0,0,0,1698,9,0,5,0,6
2021-Hojo-041_S41,8,11923,16732,434,4501,977,0,10699,724,40,0,0,73,292,18,55,0,27,17403,0,15,3682,9,14,585,214,1097,3979,221,0,1145,387,10490,23420,92,0,8,0,0,0,0,2499,21,0,7,0,78
2021-Hojo-042_S42,0,9074,17482,553,3445,759,0,9660,460,10,0,9,59,162,71,60,0,35,8572,0,38,2866,0,11,362,81,483,4356,161,0,608,71,6485,18677,22,0,14,0,0,0,0,2386,36,0,11,0,62
2021-Hojo-043_S43,0,6993,18897,85,1434,554,0,4282,77,0,0,3,46,129,11,84,5,28,5358,0,0,892,15,0,76,90,522,2475,16,0,395,32,6328,14659,0,23,0,0,0,0,0,2344,5,0,0,0,8
2021-Hojo-044_S44,0,7212,14500,89,1865,393,0,3673,132,0,0,0,17,170,0,106,0,36,5494,0,0,1218,27,0,112,117,522,2880,56,0,329,33,6089,13877,0,23,0,0,0,0,0,2336,19,0,0,0,0
2021-Hojo-045_S45,5,6211,15727,351,3161,819,0,7999,829,0,0,21,30,133,43,58,0,26,5171,0,0,2698,5,0,178,0,322,2585,53,0,314,110,5112,16365,34,0,14,11,0,0,0,1822,0,0,0,0,0
2021-Hojo-046_S46,4,9178,12911,645,1495,262,0,9026,137,0,0,4,78,235,22,138,13,17,4115,0,38,2424,19,0,294,52,978,2673,86,0,486,43,4971,11898,30,11,0,8,0,0,0,2245,10,0,0,0,31
2021-Hojo-047_S47,14,12998,19593,1021,1913,437,0,14852,294,8,0,12,92,379,5,223,17,52,7230,0,99,3935,10,0,530,110,1349,3937,156,0,711,101,8379,18001,65,9,0,0,0,0,0,2471,0,0,0,0,76
2021-Hojo-048_S48,3,7395,13049,345,1880,412,0,7000,167,11,0,7,82,172,78,99,7,12,6265,0,62,2191,44,0,208,46,714,3966,43,0,390,66,4428,12182,28,7,0,0,0,0,0,2105,15,0,0,0,37
2021-Hojo-049_S49,0,10292,14450,695,2594,409,0,10491,323,17,0,0,23,226,18,104,10,8,11107,0,61,2893,46,0,295,59,1037,4638,68,0,570,178,6544,16629,62,27,10,0,0,0,0,2767,12,0,0,0,33
2021-Hojo-050_S50,0,7762,16780,304,1753,306,0,7985,175,8,0,8,64,209,20,130,0,25,8763,0,27,2115,38,0,182,63,813,3901,64,0,458,81,4548,14041,0,11,6,0,0,0,0,2000,16,0,4,0,12
2021-Hojo-051_S51,0,10670,15266,447,1595,739,0,9612,232,17,0,0,47,159,33,106,0,0,5381,0,79,2649,10,0,255,59,1058,3617,53,0,472,94,5593,14282,97,7,0,0,0,0,0,2675,33,0,0,0,23
2021-Hojo-052_S52,0,10818,18059,506,2063,538,0,12411,257,9,0,4,8,157,87,74,19,22,5045,0,61,2498,30,0,307,70,1031,4315,62,0,567,140,5818,15226,130,18,14,0,0,0,0,2300,0,0,0,0,27
2021-Hojo-053_S85,0,21243,38301,1117,2819,1023,0,23969,570,35,0,30,49,651,74,129,0,65,15840,0,156,4604,89,0,514,211,1989,9171,133,0,1042,170,11202,31540,432,40,26,0,19,0,0,3842,36,0,0,0,25
2021-Hojo-054_S54,3,14388,23623,677,2178,610,0,14033,421,15,0,4,54,313,13,132,0,0,11649,0,119,3224,79,0,271,72,1544,6775,51,0,631,83,8486,21801,79,12,0,0,0,0,0,3757,209,0,8,0,3
2021-Hojo-055_S55,0,10064,21754,828,1527,339,0,11396,729,7,0,0,9,222,28,275,25,31,6012,0,42,4238,4,0,435,38,1333,3722,46,0,501,62,5973,18286,94,5,7,0,0,0,0,1703,37,0,0,0,55
2021-Hojo-056_S56,0,11492,21711,1516,3702,525,0,16737,970,9,0,4,36,219,29,119,32,0,3272,0,41,4168,0,0,554,24,1130,5829,26,0,525,146,8325,22720,89,11,12,6,0,0,0,3606,0,0,0,0,37
2021-Hojo-057_S57,0,7374,10785,405,1200,467,0,7664,228,0,0,3,17,160,52,32,0,24,4368,0,13,2081,10,0,257,108,633,2503,55,0,442,14,4666,11441,23,0,0,0,0,0,0,1673,7,0,0,0,25
2021-Hojo-058_S58,0,9294,17949,593,1263,497,0,6930,250,0,0,26,13,229,14,49,0,0,3978,0,14,1873,0,0,161,126,824,3049,40,0,219,45,6025,12366,0,0,0,0,0,0,0,2406,72,0,5,0,0
2021-Hojo-059_S59,0,8432,15202,294,1336,376,0,8799,531,0,0,7,58,171,57,107,0,8,6572,0,15,2897,14,0,146,95,830,2404,46,0,375,78,6093,13079,0,0,0,0,0,0,0,2592,4,0,10,0,0
2021-Hojo-060_S60,0,8317,17120,426,508,617,0,11156,109,0,0,0,32,64,0,0,0,9,5371,0,11,1480,48,0,23,51,95,2286,0,0,216,7,5875,13941,169,0,0,0,0,0,0,960,2403,0,0,0,0
2021-Hojo-061_S86,6,18078,24803,910,1222,832,0,20906,464,0,0,109,43,272,0,206,18,43,11621,0,164,3343,47,0,124,158,1489,7641,16,0,845,28,11119,26206,118,10,2,0,0,0,0,4756,1028,0,0,0,0
2021-Hojo-062_S62,11,9744,13948,509,1266,442,0,10899,1385,9,0,43,68,114,51,122,0,0,7097,0,97,2255,78,0,259,35,856,3448,51,0,456,9,5142,12646,61,0,4,0,0,0,0,2281,40,0,0,0,13
2021-Hojo-063_S63,12,4114,6633,214,473,217,0,4340,355,0,0,7,20,47,10,112,0,0,4375,0,25,1061,6,0,69,10,560,2007,27,0,292,9,1991,6581,41,0,2,0,0,0,0,958,20,0,0,0,0
2021-Hojo-064_S64,0,12564,20370,646,2658,907,0,12836,1716,7,0,41,94,272,49,129,0,28,11105,0,35,3416,18,0,461,163,1010,4368,212,0,777,67,8624,20319,60,25,0,9,0,0,0,2480,41,0,0,0,107
2021-Hojo-065_S65,0,10437,14728,536,2591,578,0,10463,1044,0,0,5,55,199,98,161,0,27,6617,0,14,2627,32,0,435,81,736,3327,112,0,528,45,6715,15786,73,32,0,0,0,0,0,2300,24,0,0,0,59
2021-Hojo-066_S66,0,11610,20173,506,2673,777,0,11885,646,0,0,21,97,255,10,84,0,32,8121,0,27,3998,14,0,329,166,723,4777,160,0,708,58,8386,21523,59,0,0,11,0,0,0,2642,11,0,0,0,67
2021-Hojo-067_S67,4,9321,13279,389,1530,574,0,8528,469,5,0,13,91,242,49,124,0,0,6387,0,21,3000,16,0,316,167,924,2768,212,0,515,43,6530,15325,42,34,0,0,0,0,0,1652,23,0,0,0,74
2021-Hojo-068_S68,0,8530,15512,383,1115,324,0,11086,344,36,0,5,57,248,0,68,0,34,4051,0,41,1949,25,0,217,132,1355,3075,72,0,412,23,4068,10672,108,0,0,0,0,0,0,1720,0,0,0,0,16
2021-Hojo-069_S69,0,10476,18469,487,1968,619,0,12875,708,0,0,96,36,212,57,88,0,8,6891,0,38,2885,27,0,217,81,752,3932,61,0,610,58,6522,17135,31,0,0,0,0,0,0,2834,34,0,0,0,0
2021-Hojo-070_S70,0,10739,16746,423,1703,584,0,10919,847,0,0,27,83,222,34,153,0,0,7189,0,69,2424,28,0,209,113,941,3947,40,0,618,42,6148,15550,12,7,0,0,0,0,0,2512,27,0,0,0,10
2021-Hojo-071_S71,0,6700,9826,270,1016,312,0,6142,807,0,0,22,76,206,0,72,0,12,8309,0,42,1662,26,0,178,74,618,2308,80,0,454,13,3489,9018,0,21,0,0,0,0,0,1541,18,0,0,0,14
2021-Hojo-072_S72,0,8321,12088,300,1529,337,0,6712,243,0,0,4,48,226,59,77,17,17,5406,0,16,2389,11,0,188,83,823,2409,78,0,603,45,4964,12653,6,9,3,0,0,0,0,1956,33,0,0,0,29
2021-Hojo-073_S73,5,13190,17515,424,2693,662,0,12312,852,0,0,0,62,499,106,141,0,18,12133,0,30,3235,50,0,384,121,1332,4068,206,0,959,132,8699,21033,35,12,4,0,0,0,0,2889,13,0,0,0,91
2021-Hojo-074_S74,0,10514,14543,311,2022,451,0,8887,161,0,0,6,0,264,33,170,7,0,5845,0,39,2259,58,0,177,101,924,3886,22,0,578,54,6710,15704,35,18,0,0,0,0,0,3286,40,0,0,0,4
2021-Hojo-075_S75,0,12360,17557,477,1868,594,0,8267,188,0,0,4,31,333,7,205,0,0,9080,0,7,1795,162,0,202,55,1004,4595,76,0,436,27,9255,18636,10,0,0,0,0,0,0,3490,97,0,0,0,0
2021-Hojo-076_S76,6,8985,12130,427,1997,446,0,9252,542,0,0,9,44,298,87,42,0,30,5584,0,10,2359,35,0,302,105,623,3181,74,0,413,74,5592,13591,69,9,5,0,0,0,0,1930,21,0,10,0,48
2021-Hojo-077_S77,0,8659,15831,294,1914,344,0,9436,359,0,0,44,36,151,67,47,0,51,7789,0,9,2445,74,0,136,83,576,3220,108,0,526,68,5724,15806,22,14,4,0,0,0,0,2606,35,0,0,0,22
2021-Hojo-078_S78,0,7049,11517,328,1479,210,0,6747,426,0,0,29,0,143,48,54,0,22,4323,0,0,1747,18,0,175,22,480,2153,23,0,476,24,4445,10546,68,4,0,0,0,0,0,1865,23,0,0,0,27
2021-Hojo-079_S79,0,12616,19699,405,3141,691,0,10286,895,31,0,0,74,517,68,113,0,43,9762,0,41,3113,46,0,350,174,1280,4884,145,0,620,103,8649,21474,35,0,6,9,0,0,0,3282,29,0,0,0,66
2021-Hojo-080_S80,0,8436,15567,139,2562,383,0,6603,551,0,0,0,85,223,32,121,0,21,7781,0,0,1801,71,0,139,145,688,3403,92,0,491,76,6037,15312,0,8,0,8,0,0,0,2553,27,0,5,0,9
2021-Hojo-081_S81,0,10932,15297,254,2909,800,0,8352,722,5,0,0,68,371,63,153,0,38,8745,0,14,2035,54,0,182,149,896,3982,98,0,517,181,7768,18487,13,34,6,9,0,0,0,3214,0,0,7,0,24
2021-Hojo-082_S82,0,7030,9086,434,726,196,0,7877,78,0,0,26,0,131,11,57,0,11,2967,0,45,1231,0,0,64,56,354,2032,0,0,357,31,4380,11393,59,0,0,0,0,0,0,2082,698,0,0,0,0
2021-Hojo-083_S83,0,8652,12525,330,2754,735,0,8337,306,45,0,0,50,211,63,89,0,35,13956,0,20,2483,9,0,348,130,859,2562,146,0,693,146,6760,14790,69,0,0,0,0,0,0,1903,14,0,5,0,56
2021-Hojo-084_S84,0,8901,14966,275,2834,713,0,9443,267,16,0,0,20,249,23,24,0,0,12562,0,0,2287,9,0,209,106,781,2833,171,0,604,98,6313,15020,45,0,3,0,0,0,0,1846,21,0,0,0,26
2021-Hojo-085_S69,0,2777,4803,79,124,6,0,981,0,0,0,0,0,274,0,59,0,0,1917,0,0,563,0,0,21,99,942,463,20,0,163,0,705,2814,12,0,0,0,0,0,0,362,0,0,0,0,0
2021-Hojo-086_S87,18,31302,34651,1622,3807,1167,0,20153,1274,30,0,52,241,752,47,280,30,32,24018,0,133,7604,0,0,704,342,3148,6083,251,0,1497,113,15880,35791,82,55,11,16,0,0,0,3870,71,0,0,0,112
2021-Hojo-087_S87,7,10419,14390,612,1879,381,0,9521,232,0,0,3,40,326,9,141,8,0,9197,0,23,2861,17,0,224,119,816,3094,74,0,474,90,6352,13837,37,33,2,0,0,0,0,1884,35,0,8,0,0
2021-Hojo-088_S88,0,7547,12526,283,1022,219,0,4967,199,8,0,0,58,171,12,54,16,0,12618,0,56,2442,36,0,110,33,569,2898,24,0,445,33,4013,11086,0,6,4,6,0,0,0,1553,20,0,0,0,0
2021-Hojo-089_S89,0,12694,19000,322,2267,476,0,9769,422,0,0,7,71,299,23,195,0,11,9309,0,74,3590,86,0,306,141,1387,4428,51,0,532,48,6129,19125,24,8,0,0,0,0,0,3042,0,0,0,0,25
2021-Hojo-090_S90,5,9987,13085,409,2227,665,0,6348,297,13,0,0,95,320,60,119,0,0,13408,0,82,2299,4,0,269,116,934,2781,87,0,654,70,6007,13948,42,8,5,8,0,0,0,2343,7,0,0,0,43
2021-Hojo-091_S91,0,14956,19070,583,1768,764,0,12343,378,7,0,0,86,462,9,72,15,33,21476,0,34,3208,8,0,280,131,784,4346,85,0,749,110,9494,20361,217,31,0,6,0,0,0,2544,239,0,10,0,12
2021-Hojo-092_S92,0,8300,11341,268,872,354,0,6568,186,0,0,0,0,205,0,24,14,24,12564,0,0,1997,0,0,103,84,546,2172,39,0,462,26,4690,10666,137,5,0,0,0,0,0,1265,125,0,0,0,0
2021-Hojo-093_S70,0,4849,36567,42,453,789,0,6902,1651,0,9,0,24,743,0,0,5,113,21142,0,0,563,9,0,112,173,374,4937,112,0,390,26,3663,13123,123,0,0,0,51,0,0,972,0,0,0,0,0
2021-Hojo-094_S94,0,10372,17573,474,2637,697,0,7583,244,0,0,0,65,493,24,113,0,25,16393,0,16,2391,14,0,472,116,1078,2926,157,0,679,56,5706,15353,17,0,8,9,0,0,0,2400,12,0,0,0,108
2021-Hojo-095_S95,7,13640,17382,760,3031,743,0,12540,400,62,0,12,141,496,34,120,20,15,11378,0,49,3332,0,0,592,176,1657,4040,247,0,883,114,9192,19085,91,15,5,12,0,0,0,2875,18,0,6,0,131
2021-Hojo-096_S96,9,12366,15012,850,1990,423,0,11644,455,0,0,37,114,424,32,136,11,26,13185,0,50,3025,0,0,652,109,1009,2963,167,0,711,43,7056,15305,15,11,6,10,0,0,0,1855,0,0,0,0,126
2021-Hojo-097_S97,0,7461,11020,397,1952,459,0,7107,231,10,0,0,105,177,42,92,12,19,6095,0,43,2777,0,0,238,49,711,1957,54,0,457,101,4936,10519,7,4,0,19,0,0,0,2097,15,0,0,0,58
2021-Hojo-098_S98,0,9500,13843,271,2031,357,0,7889,195,0,0,14,22,256,0,75,0,0,5449,0,44,2670,4,0,250,125,702,2841,54,0,604,83,5855,13443,0,0,0,0,0,0,0,2490,23,0,0,0,0
2021-Hojo-099_S99,5,8253,11344,557,1833,361,0,6727,705,0,0,0,31,216,54,126,9,45,7361,0,26,2977,14,0,372,63,495,2407,97,0,511,51,4928,12477,34,0,4,0,0,0,0,1792,13,0,0,0,10
2021-Hojo-100_S100,3,9912,15607,627,1352,470,0,9031,248,0,0,4,14,236,19,0,0,24,7632,0,17,2866,0,0,250,113,270,2863,31,0,502,57,6576,13405,108,24,0,0,0,0,0,1719,265,0,9,0,14
2021-Hojo-101_S71,0,8183,35172,291,308,728,0,24920,103,0,0,0,0,103,0,0,0,6,1113,0,0,1424,0,0,16,0,13,1899,0,0,208,0,5608,14843,127,0,0,0,0,0,0,1771,2595,0,0,0,0
2021-Hojo-102_S102,6,10800,14632,654,2167,428,0,10071,703,7,0,0,65,304,30,179,10,54,8246,0,15,3104,0,0,525,47,781,3611,143,0,872,42,6447,15566,100,0,0,0,0,0,0,2200,6,0,0,0,69
2021-Hojo-103_S103,0,7621,9663,339,1346,343,0,6760,225,0,0,0,72,277,35,117,0,15,8191,0,35,2089,0,0,150,44,516,2314,61,0,461,63,4723,11077,20,5,0,5,0,0,0,1701,14,0,0,0,21
2021-Hojo-104_S104,5,13212,21693,901,3483,576,0,11576,450,4,0,39,76,232,40,163,0,8,20639,0,21,4615,15,0,368,56,527,5013,53,0,679,149,8528,22056,119,13,3,0,0,0,0,2455,20,0,0,0,0
2021-Hojo-105_S105,0,2865,3955,230,397,26,0,2958,162,7,0,8,11,39,0,0,9,4,1611,0,60,682,0,0,82,29,241,1126,8,0,94,8,1376,4534,37,0,0,0,0,0,0,586,13,0,0,0,0
2021-Hojo-106_S106,0,4389,5424,138,798,60,0,3444,101,3,0,0,16,132,8,61,11,0,4807,0,17,1311,11,0,71,44,519,1535,76,0,278,43,2302,6414,32,14,0,0,0,0,0,1065,0,0,0,0,4
2021-Hojo-107_S107,0,4931,7066,237,697,80,0,4215,249,3,0,12,43,115,0,60,0,11,3584,0,9,1561,26,0,36,48,335,1439,17,0,325,48,2413,7615,22,14,0,0,0,0,0,988,10,0,0,0,0
2021-Hojo-108_S108,4,7590,10345,480,1202,271,0,7215,326,13,0,6,9,165,47,54,14,0,3938,0,69,1923,21,0,171,55,405,2254,19,0,326,55,5331,11255,67,9,7,0,0,0,0,1521,170,0,0,0,0
2021-Hojo-109_S109,0,6076,9200,281,1219,36,0,4331,0,0,0,0,27,143,12,141,0,0,1923,0,0,1282,3,0,136,16,814,1748,58,0,438,0,4412,10831,128,0,0,0,0,0,0,2303,0,0,0,0,0
2021-Hojo-110_S88,0,18284,28816,1313,2348,155,0,11480,22,0,0,0,26,475,15,228,0,0,6012,0,0,3619,15,0,390,47,3429,4698,176,0,939,0,10275,31260,579,0,9,20,0,0,0,4529,0,0,0,0,0
2021-Hojo-111_S111,3,8022,8871,375,1108,263,0,6427,33,0,0,0,38,161,0,148,0,0,1840,0,0,1715,0,0,100,59,870,1618,73,0,429,0,6706,11849,173,0,0,0,0,0,0,2224,29,0,0,0,0
2021-Hojo-112_S112,5,6025,7814,77,740,67,0,7074,46,0,0,0,10,88,17,86,0,0,1521,0,14,623,0,0,36,7,291,685,11,0,234,14,4199,8562,224,0,0,0,0,0,0,1327,68,0,0,0,0
2021-Hojo-113_S113,0,11412,18446,508,3513,266,0,9852,19,7,0,0,54,166,0,195,0,0,3870,0,0,1472,73,0,226,24,969,2776,183,0,740,0,7010,21259,70,0,0,9,0,0,0,3321,0,0,0,0,0
2021-Hojo-114_S114,0,5620,10385,325,1077,66,0,4953,0,10,0,0,0,57,0,94,0,0,1681,0,0,834,18,0,155,45,753,1115,93,0,472,0,2614,7919,38,0,0,0,13,0,0,1240,0,0,0,0,0
2021-Hojo-115_S115,4,12637,10775,265,1140,212,0,9012,6,0,0,0,51,262,12,109,0,0,3810,0,0,3273,4,0,161,88,2614,2832,57,0,646,0,5986,13267,114,0,5,0,0,0,0,2774,0,0,0,0,4
2021-Hojo-116_S116,6,9815,15905,348,939,45,0,7307,6,0,0,0,42,174,28,84,0,0,5028,0,23,2274,6,0,201,0,1876,1902,49,0,506,4,4678,11981,173,0,6,0,0,0,0,2801,0,0,0,0,10
2021-Hojo-117_S117,2,12469,12535,305,1463,291,0,12255,4,0,0,0,128,260,38,146,7,0,5143,0,0,3162,0,0,217,54,2405,2264,79,0,474,0,10797,16227,150,0,0,0,0,0,0,4171,13,0,0,0,0
2021-Hojo-118_S89,0,15482,19685,595,1016,262,0,10196,0,0,0,0,121,287,12,73,10,0,3349,0,107,2607,0,0,243,34,2370,2485,99,0,726,0,6720,18396,429,0,15,0,0,0,0,4358,50,0,0,0,16
2021-Hojo-119_S119,6,7608,8684,307,760,113,0,4924,0,0,0,0,20,217,8,68,0,0,936,0,16,2422,0,0,196,29,1362,1159,11,0,328,8,4822,9304,230,0,0,0,0,0,0,2390,0,0,0,0,26
2021-Hojo-120_S120,0,1865,5892,46,352,139,0,2050,73,0,0,0,8,0,0,0,0,11,6582,0,0,430,0,0,0,6,291,516,52,0,160,0,852,2854,0,0,0,0,0,0,0,280,0,0,0,0,0
2021-Hojo-121_S121,0,3340,16787,34,467,292,0,3031,253,0,0,0,0,19,0,0,0,51,18852,0,0,586,5,0,17,0,299,1095,92,0,387,0,1253,6150,16,0,0,0,0,0,0,449,0,0,0,0,0
2021-Hojo-122_S122,0,6577,17177,400,1602,510,0,7120,3137,0,0,8,22,207,33,10,0,0,10605,0,0,2133,3,0,157,13,412,2471,29,0,467,31,4802,13698,36,0,5,24,0,0,0,1888,0,0,0,0,0
2021-Hojo-123_S123,0,7146,18443,413,1178,406,0,6831,871,0,0,11,10,171,26,7,0,0,5593,0,0,2055,0,0,164,26,379,2017,22,0,395,17,4753,11434,40,0,3,19,0,0,0,2160,0,0,0,0,0
2021-Hojo-124_S124,7,3508,9932,201,496,112,0,3368,213,0,0,0,10,37,22,23,0,0,12074,0,0,1564,0,0,104,0,153,899,0,0,274,4,1872,5546,0,0,0,14,0,0,0,536,0,0,0,0,0
2021-Hojo-125_S125,0,3220,10943,101,822,300,0,3611,423,0,0,3,0,95,27,0,0,10,5530,0,0,900,0,0,62,0,189,829,11,0,200,98,1601,6605,0,0,0,0,0,0,0,409,0,0,0,0,0
2021-Hojo-126_S126,0,3528,17162,140,1153,298,0,5216,386,0,0,8,0,75,11,0,0,14,6071,0,0,1599,0,0,52,0,107,1442,0,0,174,13,2299,8398,16,0,0,39,0,0,0,1007,0,0,12,0,0
2021-Hojo-127_S127,3,8820,10938,149,1095,115,0,6339,0,0,0,0,23,253,24,11,0,0,1550,0,272,1136,0,0,78,99,962,1616,0,0,224,7,6653,10944,146,0,8,0,0,0,0,2986,180,0,0,0,9
2021-Hojo-128_S128,0,2612,4225,41,169,10,0,864,0,0,0,0,0,62,0,0,7,0,394,0,0,320,0,0,34,0,167,412,0,0,113,0,850,2015,20,0,0,0,0,0,0,491,0,0,0,0,0
2021-Hojo-129_S129,3,5600,6794,109,664,83,0,3730,34,0,0,0,27,174,9,21,0,0,723,0,91,951,0,0,129,109,1134,919,0,0,218,0,4413,7249,134,0,0,0,0,0,0,1359,0,0,0,0,15
2021-Hojo-130_S130,0,11874,13926,333,756,85,0,5144,11,0,0,0,25,269,36,0,10,0,2066,0,0,2281,0,0,125,41,1495,1738,32,0,335,7,7694,13553,140,7,19,0,0,0,0,2051,0,0,0,0,16
2021-Hojo-131_S131,0,11172,15693,129,792,175,0,8094,16,0,0,0,88,320,0,0,16,0,2530,0,178,2170,0,0,208,51,1401,1569,0,0,177,0,7714,12923,299,0,23,0,0,0,0,2919,190,0,0,0,4
2021-Hojo-132_S132,0,9699,12833,167,755,106,0,4674,44,0,0,0,11,188,42,0,15,0,1605,0,0,1701,0,0,117,34,1062,1664,37,0,341,3,7461,11954,121,0,10,0,0,0,0,2693,0,0,0,0,0
2021-Hojo-133_S133,3,4797,4780,163,527,47,0,4088,0,29,0,0,0,82,11,41,0,0,433,0,127,1105,0,0,96,106,1151,576,12,0,291,4,2368,6540,110,0,0,0,0,0,0,857,0,0,0,0,44
2021-Hojo-134_S134,10,7380,10549,88,1118,192,0,4563,70,14,0,0,30,67,14,117,0,11,1431,0,121,1322,0,0,132,75,2274,1230,13,0,403,0,4061,10894,125,0,5,0,0,0,0,2086,13,0,0,0,11
2021-Hojo-135_S135,5,6340,8271,155,1104,30,0,4351,0,0,0,0,16,157,0,65,0,0,581,0,0,1485,0,0,162,27,1094,1113,46,0,366,0,4481,9368,152,0,6,8,0,0,0,3430,0,0,0,0,15
2021-Hojo-136_S136,4,10201,12819,159,2413,332,0,8161,50,0,0,0,0,168,21,98,0,0,1089,0,0,1934,0,0,420,152,2541,1537,154,0,488,22,6822,16524,292,0,0,6,0,0,0,2437,0,0,0,0,56
2021-Hojo-137_S137,7,5057,8839,120,625,50,0,3556,0,0,0,0,0,131,13,0,0,5,624,0,0,1345,0,0,29,38,1340,931,38,0,207,0,2078,5672,212,0,0,0,0,0,0,2446,0,0,0,0,0
2021-Hojo-138_S138,12,8729,10823,118,913,27,0,5882,12,0,0,0,11,124,0,12,0,0,1269,0,4,1971,0,0,70,25,1265,1569,54,0,300,0,3813,8429,105,5,8,0,0,0,0,2156,0,0,0,0,0
2021-Hojo-139_S139,0,5421,3374,98,587,0,0,3040,0,0,0,0,12,46,0,20,0,0,419,0,0,1364,0,0,144,50,840,739,50,0,350,0,2338,5896,54,0,0,0,0,0,0,1305,0,0,0,0,19
2021-Hojo-140_S140,11,5777,5266,137,704,39,0,3049,0,0,0,0,12,180,0,10,0,0,810,0,0,1704,0,0,115,16,1100,1015,33,0,242,0,2515,4808,92,0,0,0,0,0,0,1533,0,0,0,0,5
2022-Hojo-001_S1,0,7401,18653,167,2331,331,5,12519,1390,0,17,0,0,1195,0,0,0,40,2383,0,0,1416,0,0,85,134,144,2278,9,75,567,57,2827,11448,52,14,27,0,176,15,0,1917,0,0,0,16,9
2022-Hojo-002_S2,0,10945,27972,206,3461,212,0,18221,1934,0,0,0,23,1341,48,0,10,77,1856,0,0,2224,0,0,101,161,230,3547,24,80,644,95,4561,17069,63,21,76,15,167,14,0,2586,7,0,0,0,11
2022-Hojo-003_S3,0,6644,19519,212,3569,596,0,7555,94,9,0,0,0,187,10,0,0,0,16028,0,0,2087,16,0,45,61,498,3019,103,0,638,216,5989,19642,32,12,0,17,0,0,0,3390,15,0,15,0,18
2022-Hojo-004_S4,0,6770,24268,134,2925,403,0,13318,200,0,5,0,14,1266,5,7,0,75,3804,0,0,1544,0,0,145,152,381,2981,94,89,509,46,2916,12751,91,0,63,0,119,0,0,1997,0,14,0,16,10
2022-Hojo-005_S5,5,8819,30405,149,3082,266,0,18389,1367,5,0,4,0,1672,0,0,0,134,2902,0,0,1578,0,0,112,326,221,3659,28,124,733,84,2913,16909,114,0,126,14,133,15,0,1758,0,0,8,0,14
2022-Hojo-006_S6,0,9908,22743,145,3731,308,0,18400,1789,0,0,0,0,1218,11,0,7,134,5321,8,0,1852,0,0,137,327,193,3872,65,73,710,121,3335,17798,130,16,44,0,64,0,0,1760,8,26,10,0,30
2022-Hojo-007_S7,0,9709,18000,289,2486,227,0,11175,609,0,0,0,0,858,22,29,0,53,3621,0,0,2098,0,0,184,111,381,4038,61,57,463,61,3617,12343,85,9,34,7,42,0,0,2118,0,0,0,21,6
2022-Hojo-008_S8,0,9794,24475,240,3236,162,0,15149,700,0,0,0,0,1078,21,0,0,23,1389,0,0,2237,0,0,120,82,281,3999,30,8,586,44,4688,13907,59,25,44,9,70,12,28,2904,0,0,6,0,29
2022-Hojo-009_S9,2,11150,19979,382,3058,249,0,15576,580,0,0,0,0,1040,11,0,12,66,843,0,0,2182,0,0,175,107,237,3262,23,30,643,48,4726,14826,161,0,45,0,34,8,5,2548,0,0,9,0,0
2022-Hojo-010_S10,4,11871,24748,293,4399,294,0,15006,830,0,0,0,0,946,70,0,0,62,3057,0,0,2791,0,0,145,103,276,3782,68,55,390,80,4781,16718,109,13,74,0,50,0,22,2726,6,0,5,0,9
2022-Hojo-011_S11,3,8413,19882,352,3070,171,0,16080,750,0,12,0,0,1498,9,0,0,39,1416,0,0,2024,0,0,162,575,420,3131,21,119,599,6,3595,14523,149,0,15,10,60,0,18,3192,0,9,0,0,0
2022-Hojo-012_S12,4,7907,14812,281,2377,372,0,8340,279,0,0,0,0,684,61,0,7,35,2182,0,0,2174,0,0,211,41,435,3734,34,40,413,25,3945,12322,37,9,13,0,0,0,12,1752,0,15,0,9,18
2022-Hojo-013_S13,0,10386,9338,218,703,466,0,5625,183,0,0,0,11,247,64,17,13,15,12757,0,128,1106,29,0,65,26,1031,3215,58,0,186,10,5089,13568,219,0,3,0,0,0,0,2539,298,0,0,0,0
2022-Hojo-014_S14,0,8028,7203,332,872,324,0,4639,80,28,0,4,0,175,0,26,0,0,4340,0,244,1132,11,0,54,18,1115,2395,55,0,223,9,4579,12161,132,0,4,0,0,0,0,2302,67,0,0,0,0
2022-Hojo-015_S15,0,12353,15543,517,2228,667,0,7486,433,11,0,7,14,317,0,9,0,17,8772,0,128,2292,39,0,161,42,1068,4748,26,0,427,83,6466,20201,152,7,0,0,0,0,0,3388,139,0,0,0,14
2022-Hojo-016_S16,0,7367,13527,194,423,73,0,3536,0,17,0,0,0,169,0,0,0,0,8882,0,31,1285,0,0,90,135,727,1680,0,0,216,0,3673,10323,209,0,0,0,0,0,0,5195,70,0,0,0,0
2022-Hojo-017_S17,4,6122,11850,292,618,275,0,4292,42,0,0,0,0,83,12,0,0,0,1260,0,0,1344,11,0,36,21,63,874,0,0,151,30,2973,9832,89,0,0,0,0,0,0,1236,583,0,0,0,0
2022-Hojo-018_S18,0,3941,7954,195,514,130,0,2172,310,0,0,0,0,52,25,0,0,0,1925,0,0,1232,0,0,37,25,32,1352,0,0,172,27,1970,8217,29,0,3,0,0,0,0,830,77,0,0,0,0
2022-Hojo-019_S19,0,3812,11049,445,233,0,0,4670,193,0,0,7,0,0,0,0,0,0,776,0,0,1862,6,0,0,0,47,777,0,0,134,0,1251,9161,49,0,0,0,0,0,0,758,40,0,0,0,0
2022-Hojo-020_S20,0,7907,12186,575,209,167,0,8930,93,0,0,0,13,24,0,6,0,5,1549,0,0,2218,18,0,27,0,147,1409,0,0,243,0,2938,12032,28,0,0,0,0,0,0,2294,235,0,0,0,0
2022-Hojo-021_S21,2,508,930,32,0,18,0,487,5,0,0,0,0,0,0,0,0,0,106,0,0,143,0,0,0,0,0,68,0,0,10,0,122,632,18,0,0,0,0,0,0,70,84,0,0,0,0
2022-Hojo-022_S22,0,5941,16544,401,921,134,0,9238,76,0,0,0,0,43,24,0,0,0,924,0,0,1870,10,0,29,0,80,1022,0,0,155,9,3408,11516,67,0,0,12,0,0,0,2286,120,0,7,0,0
2022-Hojo-023_S23,0,7894,11316,337,374,216,0,5763,69,0,0,0,0,200,18,83,0,0,3146,0,0,2051,39,0,43,96,463,2005,0,0,111,0,3810,11414,57,0,0,0,0,0,0,2003,87,0,0,0,6
2022-Hojo-024_S24,0,9933,12276,498,492,90,0,8192,146,0,0,0,0,186,38,43,0,0,2979,0,18,3258,53,0,65,74,439,2567,0,0,242,0,5345,13181,73,0,0,0,0,0,0,3031,209,0,0,0,5
2022-Hojo-025_S25,12,9422,13241,805,646,360,0,7611,208,10,0,0,6,89,23,22,0,0,1367,0,0,2469,0,0,139,85,324,2649,0,0,153,5,5923,12257,177,0,0,0,0,0,0,4545,322,0,0,0,0
2022-Hojo-026_S26,0,9146,17150,613,586,169,0,7770,552,0,0,0,0,74,0,11,0,6,3882,0,0,2592,24,0,49,31,326,2088,7,0,245,0,3602,14764,51,0,3,0,0,0,0,2465,35,0,0,0,0
2022-Hojo-027_S27,0,7337,15761,460,439,73,0,6971,302,0,0,0,7,64,10,0,10,0,1044,0,0,2015,8,0,34,0,196,1638,0,0,105,0,2108,15177,35,0,0,0,0,0,0,1500,19,0,0,0,0
2022-Hojo-028_S28,0,9253,15303,747,724,156,0,8144,287,0,0,0,14,65,0,0,0,0,1585,0,0,2042,3,0,55,59,323,1704,0,0,139,11,3885,14061,53,0,4,0,0,0,0,2289,124,0,0,0,0
2022-Hojo-029_S29,0,952,1193,118,19,0,0,1299,0,0,0,0,0,0,0,0,0,0,216,0,0,137,0,0,0,0,0,73,0,0,8,0,245,1233,11,0,0,0,0,0,0,190,101,0,0,0,0
2022-Hojo-030_S30,0,7832,20534,810,621,68,0,9936,261,0,0,0,0,0,8,5,0,0,2304,0,0,2982,0,0,22,0,119,1795,0,0,269,0,3887,18275,46,0,7,0,0,0,0,1508,15,0,0,0,0
2022-Hojo-031_S31,9,6986,12744,677,340,54,0,9430,57,0,0,0,0,29,8,0,4,0,1812,0,11,2268,5,0,71,0,64,1574,0,0,104,5,4116,11202,85,0,0,0,0,0,0,2280,234,0,0,0,0
2022-Hojo-032_S32,0,11506,17938,902,794,207,0,14772,201,0,0,0,0,60,53,0,0,0,2842,0,18,3500,16,0,134,16,139,2270,0,0,88,10,6986,17704,136,0,0,0,0,0,0,2760,448,0,0,0,0
2022-Hojo-033_S33,7,9283,13004,554,1074,136,0,7830,104,0,0,0,0,117,17,0,0,0,3411,0,0,2527,20,0,129,43,258,1822,32,0,197,2,5662,12686,84,0,0,0,0,0,0,3358,48,0,0,0,0
2022-Hojo-034_S34,0,11781,17860,513,1151,345,0,8968,76,0,0,0,26,183,42,89,0,0,3313,0,0,2887,4,0,387,79,543,2895,73,0,333,19,4984,17273,90,8,6,0,0,0,0,2352,20,0,4,0,15
2022-Hojo-035_S35,0,9940,15098,459,1105,343,0,7952,131,0,0,0,0,126,26,42,0,0,2566,0,0,2572,11,0,185,57,396,2492,18,0,366,34,4369,17268,52,0,21,0,0,0,0,3310,7,0,0,0,14
2022-Hojo-036_S36,20,12465,17780,824,1557,417,0,10658,112,0,0,0,0,213,49,0,0,0,4799,0,20,3407,23,0,144,98,237,2863,0,0,350,0,8655,16570,182,0,0,0,0,0,0,5297,319,0,0,0,0
2022-Hojo-037_S37,0,8561,18290,301,1024,341,0,6892,280,0,0,0,0,66,56,13,0,0,16586,0,0,2571,59,0,90,21,181,2754,0,0,364,17,5152,14634,66,0,0,11,0,0,0,2446,26,0,7,0,0
2022-Hojo-038_S38,0,10762,15543,296,1134,335,0,7982,113,0,0,0,0,180,44,0,0,9,6851,0,23,2485,32,0,198,98,345,2550,21,0,459,28,4973,13948,103,7,0,0,0,0,0,4104,51,0,10,0,5
2022-Hojo-039_S39,5,6510,9462,601,305,112,0,5766,315,0,0,0,0,29,8,0,0,0,2716,0,0,2499,0,0,66,0,355,1735,0,0,115,0,2287,9930,36,0,0,0,0,0,0,804,35,0,0,0,0
2022-Hojo-040_S40,0,4503,8066,306,530,141,0,4649,474,0,0,26,0,0,7,0,0,0,1940,0,0,1852,0,0,17,0,147,1349,0,0,81,0,2229,10709,31,0,6,0,0,0,0,583,24,0,0,0,0
2022-Hojo-041_S41,18,9086,14517,947,432,157,0,6575,612,0,0,0,10,16,53,0,0,11,2917,0,0,4503,0,0,127,0,415,1851,0,0,111,0,3689,13043,17,0,0,0,0,0,0,834,0,0,0,0,0
2022-Hojo-042_S42,16,6716,11449,621,239,94,0,4728,286,0,0,0,5,7,32,0,0,6,2926,0,0,3919,0,0,56,0,361,1389,0,0,92,0,2151,9307,16,0,0,0,0,0,0,438,7,0,0,0,0
2022-Hojo-043_S43,7,10749,14736,1515,745,173,0,7557,299,0,0,0,17,64,30,0,0,0,1673,0,0,3447,0,0,147,0,377,2436,0,0,130,7,6522,16796,56,0,0,0,0,0,0,2242,32,0,0,0,0
2022-Hojo-044_S44,4,7090,12320,811,440,316,0,5072,189,0,0,0,9,100,17,0,0,24,2086,0,0,3050,0,0,73,13,307,1676,0,0,208,58,3535,11915,17,0,0,0,0,0,0,1319,22,0,0,0,0
2022-Hojo-045_S45,0,3392,8633,62,1566,182,27,5206,2050,0,0,0,10,1819,0,0,0,75,2511,0,0,101,0,0,25,76,102,1504,7,38,269,80,3370,16679,103,11,13,0,48,0,13,1181,0,0,0,0,0
2022-Hojo-046_S46,3,6579,8062,228,1025,286,0,7224,901,0,13,0,0,1221,43,0,13,53,687,0,0,607,0,0,10,275,127,2287,0,25,542,14,3168,9882,117,0,45,10,63,0,12,1323,17,6,0,0,22
2022-Hojo-047_S47,3,11085,12284,445,1912,532,0,14211,879,0,23,0,0,1722,38,0,11,89,846,0,0,1301,0,0,11,402,395,3640,0,33,841,19,5221,14440,228,12,75,9,144,8,0,2453,21,14,0,16,14
2022-Hojo-048_S48,4,8148,8755,261,1416,403,0,10649,525,10,17,0,0,1351,0,0,22,60,731,0,0,748,0,0,75,216,207,2346,0,0,618,10,3762,9970,149,10,63,53,145,5,0,2042,45,16,0,19,10
2022-Hojo-049_S49,5,12391,14074,406,2390,532,0,13453,942,0,0,0,0,1793,14,0,18,87,1301,0,0,1368,0,0,0,229,309,3676,0,28,848,18,6239,15779,187,44,130,32,164,8,10,2961,56,15,0,0,7
2022-Hojo-050_S50,0,2907,2654,93,413,63,0,1799,87,0,0,0,0,483,0,0,11,30,500,0,0,247,0,0,0,19,25,876,0,20,95,7,430,3286,33,0,30,0,73,0,0,290,0,0,0,0,0
2022-Hojo-051_S51,0,10263,9618,313,1988,310,0,18562,707,0,24,0,0,1892,0,0,0,55,616,0,0,1551,0,0,57,589,357,2933,0,66,2149,5,3567,14519,99,9,113,23,143,0,9,1769,4,23,0,0,5
2022-Hojo-052_S52,0,9202,9874,189,1439,375,5,19563,1921,45,24,0,43,1696,0,0,23,147,3124,0,0,492,0,0,9,423,491,3028,50,19,1721,5,8367,18392,334,0,171,37,139,0,0,2023,25,0,0,0,5
2022-Hojo-053_S53,0,244,472,0,71,46,0,497,29,0,0,0,0,74,0,0,9,8,324,0,0,11,0,0,0,31,0,82,0,0,44,0,239,660,0,0,22,0,48,0,0,61,0,0,0,0,0
2022-Hojo-054_S54,0,6665,15138,205,1340,272,0,16239,1964,47,10,0,68,1369,0,13,28,91,2108,0,0,366,0,0,68,387,692,2607,48,74,2212,20,4999,15763,184,5,182,0,275,7,0,1609,0,0,0,0,0
2022-Hojo-055_S55,0,8196,8760,223,872,170,0,21310,1337,0,19,0,59,1258,0,4,23,60,1176,0,0,344,0,0,52,194,620,2813,14,31,2083,20,4474,13104,147,29,176,0,177,0,0,1404,0,0,0,28,0
2022-Hojo-056_S56,0,10056,26243,235,783,186,0,24179,1203,0,12,0,83,1811,0,0,10,70,1721,0,0,701,0,0,79,335,896,4739,51,15,2824,11,5866,20464,102,38,159,0,180,0,0,2266,4,0,0,18,0
2022-Hojo-057_S57,0,5434,10951,183,1251,129,0,4723,32,13,0,0,20,246,12,93,0,0,7328,0,9,908,13,0,130,24,835,1598,173,0,518,0,3128,8809,110,0,0,0,0,0,0,1382,0,0,0,0,8
2022-Hojo-058_S58,0,8147,19272,258,2463,320,0,6967,48,0,0,0,20,278,13,142,0,0,14081,0,0,1950,48,0,329,50,1343,3120,237,0,716,0,4859,14065,127,0,7,0,0,0,0,2281,0,0,0,0,0
2022-Hojo-059_S59,0,9970,21033,234,2017,351,0,6479,123,7,0,0,40,571,0,144,0,0,7699,0,0,1888,0,0,297,55,1226,3537,185,0,518,0,7101,14224,91,7,6,7,0,0,0,2833,0,0,0,0,0
2022-Hojo-060_S60,0,8393,26730,268,2321,281,0,6118,168,0,0,0,50,477,23,107,0,15,9468,0,0,1656,0,0,311,73,970,4398,120,0,562,17,7186,15178,55,0,9,12,0,0,0,3019,0,0,0,0,0
2022-Hojo-061_S61,0,225,590,0,32,20,0,810,0,0,0,0,0,37,0,0,0,0,640,0,0,9,0,0,0,0,0,64,0,0,23,0,64,261,24,0,0,0,0,0,0,61,0,0,0,0,0
2022-Hojo-062_S62,0,6856,18812,198,652,178,0,9452,17,0,0,0,7,221,0,0,0,0,6100,0,0,1082,0,0,85,0,183,2010,22,0,314,0,5047,9019,54,0,14,0,0,0,0,1758,6,0,0,0,0
2022-Hojo-063_S63,0,4413,7336,89,1049,174,0,12357,446,21,0,0,0,1235,35,0,35,58,1426,0,0,565,0,0,33,212,258,2177,12,58,1016,40,2103,6007,52,21,96,0,146,0,0,962,40,0,0,0,8
2022-Hojo-064_S64,3,7999,14359,322,2854,260,0,28592,1185,35,48,0,59,2350,0,0,0,120,1786,0,0,1016,0,0,57,633,488,3914,9,149,2786,119,5351,13389,204,37,163,0,442,0,14,1851,92,15,0,19,20
2022-Hojo-065_S65,0,9216,8603,154,1345,96,0,18869,741,53,15,0,43,1894,0,0,32,45,1580,0,0,470,0,0,46,534,478,2380,47,78,2367,36,5796,13557,223,0,145,13,315,0,0,1332,6,0,0,0,9
2022-Hojo-066_S66,4,9581,13134,261,2261,215,0,22429,1387,54,64,0,91,1897,0,0,23,86,1777,0,0,1054,0,0,36,587,632,3853,26,82,1876,56,7000,13420,204,17,143,27,249,8,0,2188,45,6,0,0,19
2022-Hojo-067_S67,0,8472,10384,324,1682,216,0,20537,1157,60,19,0,31,1927,40,0,31,80,1566,0,0,1026,0,0,66,345,599,3608,7,115,2006,31,5917,12041,134,44,143,44,172,0,9,1936,22,10,0,22,7
2022-Hojo-068_S68,0,5994,8348,190,1436,81,0,13846,943,35,11,0,13,1561,0,0,0,67,1004,0,0,613,0,0,23,389,461,2384,26,56,1479,38,3343,8172,127,25,118,19,211,0,0,1147,30,19,0,21,12
2022-Hojo-069_S69,0,8778,11381,177,1760,265,0,19282,1309,36,28,0,12,2725,0,0,26,146,1482,0,0,612,0,0,42,657,405,3236,17,109,2497,66,5022,15000,169,23,195,0,384,11,0,1644,48,12,0,0,7
2022-Hojo-070_S70,3,10428,12051,373,2005,181,0,23539,1131,36,21,0,41,1902,0,0,18,57,1923,0,0,1160,0,0,107,415,400,3825,5,117,2562,65,5558,14775,110,24,184,0,238,0,0,1491,84,0,0,0,9
2022-Hojo-071_S71,0,6623,8919,143,1136,125,0,14999,1277,16,10,0,0,1484,0,0,36,90,2424,0,0,468,0,0,10,87,161,2935,10,73,1512,24,3430,9632,52,22,190,24,222,0,0,810,98,0,0,0,15
2022-Hojo-072_S72,4,6846,7841,245,1580,198,0,18052,1154,24,26,0,0,1500,0,0,10,93,1607,0,0,644,0,0,36,343,407,2620,16,37,1442,40,4041,10272,166,0,105,0,118,0,0,1143,47,0,0,12,8
2022-Hojo-073_S73,3,11568,14209,298,1908,511,0,21056,1083,34,17,0,21,2017,32,0,14,131,4360,0,0,956,0,0,10,405,441,3858,46,0,1303,50,7299,16485,276,7,224,16,250,0,0,2215,19,13,0,0,0
2022-Hojo-074_S74,3,9935,10631,89,851,416,0,13037,279,39,9,0,11,1591,22,0,23,38,2148,0,0,217,0,0,16,178,229,2527,77,26,1571,0,5147,12893,167,0,224,0,190,0,0,1282,260,8,0,0,0
2022-Hojo-075_S75,4,12195,12610,97,1238,276,0,17921,1007,12,10,0,16,2149,0,0,89,42,3517,0,0,292,7,0,19,277,275,3841,54,31,2005,67,7543,18855,142,0,255,15,290,0,0,1570,19,10,0,0,0
2022-Hojo-076_S76,0,8554,11674,123,1941,185,0,15262,1119,30,9,0,7,2108,0,0,0,124,3833,0,0,469,0,0,13,507,263,3231,31,24,1697,65,5411,12937,122,7,233,0,380,8,10,1246,35,0,0,0,16
2022-Hojo-077_S77,2,11908,11925,262,3265,326,0,17725,1045,33,54,0,24,3411,0,5,36,156,3628,0,0,789,0,0,29,729,817,5306,34,24,3421,57,6883,18762,467,35,232,0,256,0,11,3559,0,0,0,0,18
2022-Hojo-078_S78,0,9077,15069,290,890,124,0,7550,13,11,0,0,21,245,0,11,54,0,2650,0,0,1666,6,0,116,77,1112,1482,94,0,386,0,5297,10809,172,12,9,0,0,0,0,1744,29,0,0,0,12
2022-Hojo-079_S79,0,11355,22225,371,1178,51,0,9339,30,0,0,0,36,471,0,17,49,0,3946,0,0,2428,0,0,265,84,1066,2251,91,0,351,0,6633,13712,215,0,12,0,0,0,0,2575,16,0,0,0,4
2022-Hojo-080_S80,0,9174,17984,425,1153,100,0,7610,18,0,0,0,49,336,0,60,31,0,3116,0,0,1972,10,0,198,103,1337,2206,109,0,505,0,5300,11223,242,22,12,4,0,0,0,2030,0,0,0,0,4
2022-Hojo-081_S81,0,8303,15471,281,829,55,0,8324,17,0,0,0,30,336,0,0,42,0,2520,0,0,1849,0,0,150,47,552,1621,72,0,258,20,5658,11399,183,6,0,5,0,0,0,2284,34,0,0,0,0
2022-Hojo-082_S82,0,6715,9614,129,466,9,0,4104,0,14,0,0,26,280,0,0,46,0,1241,0,0,1533,0,0,120,70,670,1277,35,0,212,11,4232,7968,157,13,0,11,0,0,0,1292,0,0,0,0,0
2022-Hojo-083_S83,0,9140,14875,329,1420,104,0,8788,15,23,0,0,45,359,0,5,30,0,1019,0,0,2421,5,0,179,113,1042,1734,118,0,404,11,6189,13719,189,8,10,0,0,0,0,2381,0,0,0,0,23
2022-Hojo-084_S84,0,8993,16269,345,1255,128,0,9314,37,0,0,0,35,365,27,130,0,12,3227,0,0,2072,29,0,351,106,1362,2758,296,0,732,0,5258,12005,80,0,6,0,0,0,0,1567,0,0,0,0,11
2022-Hojo-085_S85,0,262,515,5,6,0,0,100,0,0,0,0,0,0,0,9,0,0,469,0,0,119,0,0,0,0,164,30,0,0,36,0,55,278,0,0,0,0,0,0,0,50,0,0,0,0,0
2022-Hojo-086_S86,0,10169,22739,336,1535,61,0,8005,16,11,0,0,27,545,13,92,49,0,1505,0,0,2150,0,0,209,80,1357,2382,75,0,525,0,7562,15039,111,13,0,4,0,0,0,3579,0,0,0,0,0
2022-Hojo-087_S87,0,9273,17606,321,777,71,0,6643,0,29,0,0,38,463,0,59,26,0,2110,0,0,2067,0,0,155,166,1222,2150,104,0,333,5,5762,10059,143,6,0,0,0,0,0,2315,0,0,0,0,17
2022-Hojo-088_S88,0,8534,16365,225,826,42,0,4806,12,0,0,0,11,438,0,37,47,0,3195,0,0,1662,0,0,123,112,911,1893,50,0,314,5,5564,10823,90,8,4,9,0,0,0,1707,20,0,0,0,17
2022-Hojo-089_S89,0,6900,11445,232,551,40,0,5345,0,0,0,0,35,335,0,58,28,0,4452,0,0,2138,0,0,81,56,1203,1370,80,0,321,12,3097,7728,117,4,0,7,0,0,0,1107,18,0,0,0,25
2022-Hojo-090_S90,0,2587,11824,167,268,248,0,4172,722,0,0,5,0,147,0,15,0,0,3983,0,0,325,0,0,11,0,216,1753,4,0,204,21,1518,5297,9,0,0,0,0,0,0,598,0,0,0,0,0
2022-Hojo-091_S91,0,6619,23422,237,461,442,0,8172,986,0,0,0,0,290,8,7,0,11,6161,0,0,765,0,0,34,34,208,4185,0,0,267,11,5461,10449,52,0,0,0,0,0,0,1694,60,0,0,0,0
2022-Hojo-092_S92,0,4386,23800,114,550,411,0,7516,1142,0,17,0,0,683,0,39,0,48,11656,6,0,397,5,0,106,140,347,3970,92,37,410,11,3580,10097,108,0,9,0,32,0,0,1089,0,0,0,0,0
2022-Hojo-093_S93,0,181,1624,0,21,0,0,238,63,0,0,0,0,30,0,0,0,0,2304,0,0,12,0,0,0,0,7,271,0,0,13,0,103,560,0,0,0,0,0,0,0,26,0,0,0,0,0
2022-Hojo-094_S94,0,5270,26274,136,896,498,0,9497,1485,0,0,0,0,739,0,28,5,87,10121,9,0,756,11,0,55,99,400,4205,61,35,420,20,3622,10180,136,5,0,0,38,0,0,1438,0,0,0,21,0
2022-Hojo-095_S95,0,3673,18459,133,496,515,0,5466,1319,0,0,3,7,476,0,23,0,10,7082,0,0,505,0,0,0,43,177,3161,18,0,212,86,2722,7116,40,0,0,14,0,0,10,925,0,0,0,0,0
2022-Hojo-096_S96,3,10296,33260,256,928,625,0,11952,2393,9,0,0,0,551,33,29,0,76,6788,0,0,1303,0,0,35,52,374,5408,6,0,338,280,7748,14836,65,5,0,0,0,0,9,2248,131,0,0,17,0
2022-Hojo-097_S97,4,6412,20830,224,285,149,0,7634,77,0,0,0,23,287,0,26,0,11,2251,0,0,1287,0,0,0,62,404,2372,13,0,415,0,4608,9256,75,5,0,0,13,0,0,1557,27,0,0,12,0
2022-Hojo-098_S98,0,8046,26902,450,422,324,0,8523,284,0,0,0,9,270,0,22,0,0,1435,0,23,1681,0,0,44,49,383,2512,0,0,279,0,6796,13010,62,9,0,0,0,0,0,2691,274,0,0,0,0
2022-Hojo-099_S99,0,7291,29502,280,492,342,0,6263,443,0,0,0,0,218,19,16,0,0,1788,0,0,1276,0,0,0,31,248,3185,0,0,311,0,6919,13282,35,4,0,0,0,0,0,2287,223,0,0,0,0
2022-Hojo-100_S100,0,8356,27166,316,406,375,0,12037,143,0,0,0,7,228,46,30,0,0,1150,0,3,1697,0,0,28,87,534,3084,0,0,552,0,5178,10170,76,4,0,0,0,0,0,2112,56,0,0,17,0
2022-Hojo-101_S101,0,493,2282,18,20,0,0,1703,5,0,0,0,7,0,0,0,0,0,87,0,0,155,0,0,0,0,0,85,0,0,12,0,297,640,26,0,0,0,0,0,0,100,226,0,0,0,0
2022-Hojo-102_S102,0,3706,15956,225,211,282,0,6920,132,0,0,0,0,110,11,35,0,0,1022,0,21,1161,0,0,30,14,115,1823,0,0,201,0,2909,7394,5,0,0,0,0,0,0,1790,249,0,0,0,0
2022-Hojo-103_S103,0,3220,11130,162,119,243,0,7303,88,0,0,0,12,96,0,4,0,4,502,0,17,722,0,0,0,10,28,989,0,0,113,12,2911,4960,56,0,0,0,0,0,0,674,902,0,0,0,0
2022-Hojo-104_S104,0,7816,24986,276,242,375,0,13280,111,0,0,0,11,248,3,15,0,0,816,0,10,1300,0,0,24,34,228,2383,0,0,194,0,7141,13173,69,4,6,0,0,0,0,1932,550,0,0,0,0
