index,d__Bacteria,d__Archaea,Unassigned,d__Eukaryota,asv-id,Hojo,crop-id,year,pref,crop,date,lati,long,latlng1d,SoilTypeID,SoilTypeID2
2020-Hojo-A-01_S1,95324.0,1344.0,7.0,0.0,2020-Hojo-A-01,Hojo,001_20_Aomo_Rice,20.0,Aomo,Rice,2020/11/7,40.681272,140.591959,8.82441,F2h3t3,F2h3t3
2020-Hojo-A-02_S2,33579.0,225.0,2.0,0.0,2020-Hojo-A-02,Hojo,002_20_Aomo_Rice,20.0,Aomo,Rice,2020/11/7,40.681509,140.58913,8.82248,F2h3t3,F2h3t3
2020-Hojo-A-03_S3,151748.0,2173.0,27.0,3.0,2020-Hojo-A-03,Hojo,003_20_Aomo_Rice,20.0,Aomo,Rice,2020/11/7,40.679064,140.59184,8.82284,F2h3t3,F2h3t3
2020-Hojo-A-04_S4,184909.0,2089.0,45.0,0.0,2020-Hojo-A-04,Hojo,004_20_Aomo_Rice,20.0,Aomo,Rice,2020/11/7,40.677932,140.5924,8.82249,F2h3t3,F2h3t3
2020-Hojo-A-05_S5,5125.0,22.0,0.0,0.0,2020-Hojo-A-05,Hojo,005_20_Aomo_Rice,20.0,Aomo,Rice,2020/11/7,40.671709,140.595851,8.82085,F2a6t2,F2h3t3
2020-Hojo-A-06_S6,169456.0,1610.0,14.0,10.0,2020-Hojo-A-06,Hojo,006_20_Aomo_Rice,20.0,Aomo,Rice,2020/11/7,40.672182,140.596074,8.82133,F2a6t2,F2a6t2
2020-Hojo-A-07_S7,150659.0,2632.0,48.0,0.0,2020-Hojo-A-07,Hojo,007_20_Aomo_Rice,20.0,Aomo,Rice,2020/11/7,40.67305,140.604542,8.82818,D3z1v3,D3z1v3
2020-Hojo-A-08_S8,151838.0,2247.0,7.0,0.0,2020-Hojo-A-08,Hojo,008_20_Aomo_Rice,20.0,Aomo,Rice,2020/11/7,40.667091,140.640776,8.85095,F1z1t1,F1z1t1
2020-Hojo-A-09_S9,79729.0,1358.0,0.0,2.0,2020-Hojo-A-09,Hojo,009_20_Aomo_Rice,20.0,Aomo,Rice,2020/11/7,40.66749,140.64069,8.85115,F1z1t1,F1z1t1
2020-Hojo-A-10_S10,184767.0,2930.0,45.0,0.0,2020-Hojo-A-10,Hojo,010_20_Aomo_Rice,20.0,Aomo,Rice,2020/11/7,40.671808,140.639024,8.85283,F1z1t1,F1z1t1
2020-Hojo-AK-01_S31,249543.0,2789.0,46.0,0.0,2020-Hojo-AK-01,Hojo,011_20_Akit_Rice,20.0,Akit,Rice,2020/10/14,39.81189,140.147256,7.9102,F2a2t1,F2a2t1
2020-Hojo-AK-02_S32,142950.0,2507.0,14.0,0.0,2020-Hojo-AK-02,Hojo,012_20_Akit_Rice,20.0,Akit,Rice,2020/10/14,39.730769,140.216625,7.90685,F2a1t1,F2a1t1
2020-Hojo-AK-03_S33,134621.0,2364.0,32.0,8.0,2020-Hojo-AK-03,Hojo,013_20_Akit_Rice,20.0,Akit,Rice,2020/10/14,39.665921,140.179577,7.83579,F2a1t1,F2a2t1
2020-Hojo-AK-04_S34,99716.0,1276.0,8.0,0.0,2020-Hojo-AK-04,Hojo,014_20_Akit_Rice,20.0,Akit,Rice,2020/10/14,39.632269,140.150834,7.79188,F2a1t1,B1e3w1
2020-Hojo-AK-05_S35,154430.0,3172.0,28.0,8.0,2020-Hojo-AK-05,Hojo,015_20_Akit_Rice,20.0,Akit,Rice,2020/10/14,39.610829,140.145918,7.77381,B1e3w1,F2h3t1
2020-Hojo-AK-06_S36,168671.0,2958.0,17.0,0.0,2020-Hojo-AK-06,Hojo,016_20_Akit_Rice,20.0,Akit,Rice,2020/10/14,39.672831,140.224332,7.87353,F3a7t1,F3a7t1
2020-Hojo-AK-07_S37,21607.0,85.0,0.0,0.0,2020-Hojo-AK-07,Hojo,017_20_Akit_Soyb,20.0,Akit,Soyb,2020/10/14,39.80485,140.079398,7.85529,F2a1t1,F2a1t1
2020-Hojo-AK-08_S38,139260.0,1404.0,28.0,0.0,2020-Hojo-AK-08,Hojo,018_20_Akit_Soyb,20.0,Akit,Soyb,2020/10/14,39.645386,140.117779,7.77628,F2a1t1,F2a1t1
2020-Hojo-AK-09_S39,163294.0,587.0,28.0,5.0,2020-Hojo-AK-09,Hojo,019_20_Akit_Soyb,20.0,Akit,Soyb,2020/10/14,39.594345,140.167738,7.77884,B1e3w1,B1e3w1
2020-Hojo-AK-10_S40,102867.0,1016.0,6.0,2.0,2020-Hojo-AK-10,Hojo,020_20_Akit_Soyb,20.0,Akit,Soyb,2020/10/14,39.616431,140.151141,7.78144,F2e6t1,F2e6t1
2020-Hojo-H-61_S41,90309.0,1754.0,4.0,0.0,2020-Hojo-H-61,Hojo,091_20_Hyog_Rice,20.0,Hyog,Rice,2020/10/26,35.080458,135.331272,1.16369,F1z1p2,F1z1p2
2020-Hojo-H-62_S42,87268.0,792.0,4.0,0.0,2020-Hojo-H-62,Hojo,092_20_Hyog_Rice,20.0,Hyog,Rice,2020/10/26,35.079205,135.329763,1.16173,F1z1t1,F1z1t1
2020-Hojo-H-63_S43,49077.0,311.0,0.0,0.0,2020-Hojo-H-63,Hojo,093_20_Hyog_Rice,20.0,Hyog,Rice,2020/10/26,35.082702,135.319483,1.15648,F1z1t1,F1z1t1
2020-Hojo-H-64_S44,104314.0,840.0,10.0,0.0,2020-Hojo-H-64,Hojo,094_20_Hyog_Rice,20.0,Hyog,Rice,2020/10/26,35.083551,135.318846,1.15658,F1z1t1,F1z1t1
2020-Hojo-H-65_S45,23253.0,130.0,0.0,0.0,2020-Hojo-H-65,Hojo,095_20_Hyog_Rice,20.0,Hyog,Rice,2020/10/26,35.083278,135.316209,1.15445,F1z1t1,F1z1t1
2020-Hojo-H-66_S46,85726.0,607.0,7.0,2.0,2020-Hojo-H-66,Hojo,096_20_Hyog_Rice,20.0,Hyog,Rice,2020/10/26,35.085555,135.316808,1.15643,F1z1t1,F1z1t1
2020-Hojo-H-67_S47,90202.0,952.0,18.0,0.0,2020-Hojo-H-67,Hojo,097_20_Hyog_Rice,20.0,Hyog,Rice,2020/10/26,35.076051,135.270735,1.11597,F2a2t1,F2a2t1
2020-Hojo-H-68_S48,107896.0,705.0,12.0,2.0,2020-Hojo-H-68,Hojo,098_20_Hyog_Rice,20.0,Hyog,Rice,2020/10/26,35.074066,135.270513,1.11447,F2a2t1,F2a2t1
2020-Hojo-H-69_S49,101648.0,1012.0,8.0,6.0,2020-Hojo-H-69,Hojo,099_20_Hyog_Rice,20.0,Hyog,Rice,2020/10/26,35.072978,135.270342,1.11361,F1z1p2,F1z1p2
2020-Hojo-H-70_S50,147853.0,1372.0,37.0,9.0,2020-Hojo-H-70,Hojo,100_20_Hyog_Rice,20.0,Hyog,Rice,2020/10/26,35.072741,135.275029,1.11691,F1z1p2,F5z1p2
2020-Hojo-M-01_S51,165881.0,3058.0,59.0,0.0,2020-Hojo-M-01,Hojo,121_20_Miyz_Spin,20.0,Miyz,Spin,2020/8/31,32.04075,130.78232,-4.24616,D6c1v2,D6c1v2
2020-Hojo-M-02_S52,160875.0,2743.0,36.0,0.0,2020-Hojo-M-02,Hojo,122_20_Miyz_Spin,20.0,Miyz,Spin,2020/8/31,32.05298,130.77767,-4.24136,F1z1p2,F1z1p2
2020-Hojo-M-03_S53,164729.0,2020.0,32.0,0.0,2020-Hojo-M-03,Hojo,123_20_Miyz_Spin,20.0,Miyz,Spin,2020/8/31,32.05065,130.78297,-4.23901,D6z1v3,D6z1v3
2020-Hojo-M-04_S54,149513.0,1466.0,41.0,3.0,2020-Hojo-M-04,Hojo,124_20_Miyz_Spin,20.0,Miyz,Spin,2020/8/31,32.0581,130.77705,-4.23837,F1z1p2,F1z1p2
2020-Hojo-M-05_S55,164966.0,3248.0,37.0,2.0,2020-Hojo-M-05,Hojo,125_20_Miyz_Spin,20.0,Miyz,Spin,2020/8/31,32.0507,130.78242,-4.23939,F3z1t4,D6z1v3
2020-Hojo-M-06_S56,126264.0,2091.0,11.0,0.0,2020-Hojo-M-06,Hojo,126_20_Miyz_Spin,20.0,Miyz,Spin,2020/8/31,32.05023,130.78207,-4.23996,F3z1t4,D6z1v3
2020-Hojo-M-07_S57,190726.0,4545.0,42.0,7.0,2020-Hojo-M-07,Hojo,127_20_Miyz_Spin,20.0,Miyz,Spin,2020/8/31,32.04976,130.78187,-4.24043,F3z1t4,D6z1v3
2020-Hojo-M-08_S58,143826.0,2547.0,36.0,5.0,2020-Hojo-M-08,Hojo,128_20_Miyz_Spin,20.0,Miyz,Spin,2020/8/31,32.0474,130.78339,-4.24089,F3z1t4,D6h1v3
2020-Hojo-M-09_S59,195635.0,4109.0,26.0,7.0,2020-Hojo-M-09,Hojo,129_20_Miyz_Spin,20.0,Miyz,Spin,2020/8/31,32.04777,130.78433,-4.23995,F3z1t4,D6z1v3
2020-Hojo-M-10_S60,167033.0,2735.0,35.0,7.0,2020-Hojo-M-10,Hojo,130_20_Miyz_Spin,20.0,Miyz,Spin,2020/8/31,32.05103,130.78223,-4.2393,F3z1t4,D6z1v3
2020-Hojo-N-01_S11,353219.0,6527.0,64.0,0.0,2020-Hojo-N-01,Hojo,021_20_Niig_Rice,20.0,Niig,Rice,2020/10/6,37.14961,138.849785,5.15818,H1z1p1,H1z1p2
2020-Hojo-N-02_S12,206330.0,1714.0,22.0,0.0,2020-Hojo-N-02,Hojo,022_20_Niig_Rice,20.0,Niig,Rice,2020/10/6,37.152747,138.845886,5.15741,H1z1p1,NA
2020-Hojo-N-03_S13,49717.0,667.0,12.0,0.0,2020-Hojo-N-03,Hojo,023_20_Niig_Rice,20.0,Niig,Rice,2020/10/6,37.154517,138.84661,5.15914,H1z1p1,NA
2020-Hojo-N-04_S14,158192.0,1220.0,32.0,0.0,2020-Hojo-N-04,Hojo,024_20_Niig_Rice,20.0,Niig,Rice,2020/10/6,37.164272,138.732878,5.08163,D5c1y1,D5c1y1
2020-Hojo-N-05_S15,124957.0,1143.0,26.0,0.0,2020-Hojo-N-05,Hojo,025_20_Niig_Rice,20.0,Niig,Rice,2020/10/6,37.164741,138.732893,5.08196,D5c1y1,D5c1y1
2020-Hojo-N-06_S16,156731.0,1773.0,19.0,0.0,2020-Hojo-N-06,Hojo,026_20_Niig_Rice,20.0,Niig,Rice,2020/10/6,37.11299,138.735671,5.04916,D3z1x4,D3z1x4
2020-Hojo-N-07_S17,90053.0,1108.0,9.0,0.0,2020-Hojo-N-07,Hojo,027_20_Niig_Rice,20.0,Niig,Rice,2020/10/6,37.11299,138.735671,5.04916,D3z1x4,D3z1x4
2020-Hojo-N-08_S18,96830.0,1109.0,4.0,2.0,2020-Hojo-N-08,Hojo,028_20_Niig_Rice,20.0,Niig,Rice,2020/10/6,37.11299,138.735671,5.04916,D3z1x4,D3z1x4
2020-Hojo-N-09_S19,114903.0,1251.0,13.0,0.0,2020-Hojo-N-09,Hojo,029_20_Niig_Rice,20.0,Niig,Rice,2020/10/6,37.11299,138.735671,5.04916,D3z1x4,D3z1x4
2020-Hojo-N-10_S20,110287.0,621.0,20.0,0.0,2020-Hojo-N-10,Hojo,030_20_Niig_Rice,20.0,Niig,Rice,2020/10/6,37.11299,138.735671,5.04916,D3z1x4,D3z1x4
2020-Hojo-NA-01_S61,243610.0,2881.0,30.0,0.0,2020-Hojo-NA-01,Hojo,061_20_Naga_Barl,20.0,Naga,Barl,2020/9/11,36.32951,137.89791,3.90223,F3h3t3,F3z1t2
2020-Hojo-NA-02_S62,160031.0,891.0,28.0,0.0,2020-Hojo-NA-02,Hojo,062_20_Naga_Barl,20.0,Naga,Barl,2020/9/11,36.32021,137.89396,3.89304,F3z1t2,NA
2020-Hojo-NA-03_S63,130457.0,1706.0,37.0,2.0,2020-Hojo-NA-03,Hojo,063_20_Naga_Onio,20.0,Naga,Onio,2020/9/11,36.32831,137.90048,3.90332,F3z1p2,F4z1p2
2020-Hojo-NA-04_S64,225854.0,3930.0,74.0,6.0,2020-Hojo-NA-04,Hojo,064_20_Naga_Onio,20.0,Naga,Onio,2020/9/11,36.32861,137.89916,3.90254,F3z1p2,F3z1p2
2020-Hojo-NA-05_S65,97835.0,840.0,22.0,2.0,2020-Hojo-NA-05,Hojo,065_20_Naga_Onio,20.0,Naga,Onio,2020/9/11,36.32823,137.8993,3.90239,F3z1p2,F4z1p2
2020-Hojo-NA-06_S66,91242.0,778.0,14.0,0.0,2020-Hojo-NA-06,Hojo,066_20_Naga_Onio,20.0,Naga,Onio,2020/9/11,36.32668,137.89999,3.90186,F4z1p2,F4z1p2
2020-Hojo-NA-07_S67,124377.0,1919.0,18.0,0.0,2020-Hojo-NA-07,Hojo,067_20_Naga_Pump,20.0,Naga,Pump,2020/9/11,36.31915,137.89359,3.89205,F3z1t2,NA
2020-Hojo-NA-08_S68,130866.0,1214.0,19.0,6.0,2020-Hojo-NA-08,Hojo,068_20_Naga_Rice,20.0,Naga,Rice,2020/10/4,36.32857,137.85663,3.87108,F4z1p2,F4z1p2
2020-Hojo-NA-09_S69,12660.0,54.0,0.0,0.0,2020-Hojo-NA-09,Hojo,069_20_Naga_Rice,20.0,Naga,Rice,2020/10/4,36.32832,137.85644,3.87077,F4z1p2,F4z1p2
2020-Hojo-NA-10_S70,153477.0,2268.0,18.0,2.0,2020-Hojo-NA-10,Hojo,070_20_Naga_Rice,20.0,Naga,Rice,2020/10/4,36.32806,137.85669,3.87078,F4z1p2,F4z1p2
2020-Hojo-S-1_S21,107996.0,3907.0,8.0,2.0,2020-Hojo-S-1,Hojo,041_20_Sait_Carr,20.0,Sait,Carr,2020/9/9,36.14433,139.22183,4.75623,D6z1v4,D6z1v4
2020-Hojo-S-10_S30,297413.0,1852.0,122.0,13.0,2020-Hojo-S-10,Hojo,042_20_Sait_Eggp,20.0,Sait,Eggp,2020/9/9,36.14525,139.22162,4.75669,D2h1v4,D2h1v4
2020-Hojo-S-2_S22,150857.0,4766.0,25.0,5.0,2020-Hojo-S-2,Hojo,043_20_Sait_Carr,20.0,Sait,Carr,2020/9/9,36.14498,139.222,4.75679,D6z1v4,D6z1v4
2020-Hojo-S-3_S23,120361.0,4245.0,20.0,2.0,2020-Hojo-S-3,Hojo,044_20_Sait_Broc,20.0,Sait,Broc,2020/9/9,36.14456,139.22136,4.75604,D2h1v4,D2h1v4
2020-Hojo-S-4_S24,114232.0,3355.0,11.0,0.0,2020-Hojo-S-4,Hojo,045_20_Sait_Broc,20.0,Sait,Broc,2020/9/9,36.14476,139.21796,4.75366,D6z1v4,NA
2020-Hojo-S-5_S25,155429.0,10738.0,8.0,0.0,2020-Hojo-S-5,Hojo,046_20_Sait_Burd,20.0,Sait,Burd,2020/9/8,36.24158,139.24461,4.83856,F4h3t4,F5z1y1
2020-Hojo-S-6_S26,282531.0,4685.0,21.0,6.0,2020-Hojo-S-6,Hojo,047_20_Sait_Burd,20.0,Sait,Burd,2020/9/8,36.24169,139.25251,4.84447,F3z1t1,F3z1t1
2020-Hojo-S-7_S27,266696.0,2253.0,368.0,5.0,2020-Hojo-S-7,Hojo,048_20_Sait_Yama,20.0,Sait,Yama,2020/9/4,36.20856,139.25225,4.82197,F3z1t1,F3z1t1
2020-Hojo-S-8_S28,165818.0,1259.0,132.0,3.0,2020-Hojo-S-8,Hojo,049_20_Sait_Yama,20.0,Sait,Yama,2020/9/4,36.17028,139.23887,4.7863,D6z1v4,NA
2020-Hojo-S-9_S29,320259.0,6905.0,87.0,35.0,2020-Hojo-S-9,Hojo,050_20_Sait_Stra,20.0,Sait,Stra,2020/9/6,36.2305,139.23021,4.82045,F4z1t1,NA
2021-Hojo-001_S1,148656.0,4838.0,131.0,2.0,Hojo-001,Hojo,131_21_Akit_Edam,21.0,Akit,Edam,2021/4/21,40.04752,140.01768,7.97309,F2a1t1,F2a1t1
2021-Hojo-002_S2,185319.0,5110.0,127.0,4.0,Hojo-002,Hojo,132_21_Akit_Edam,21.0,Akit,Edam,2021/4/21,40.2887,140.59456,8.56196,F2a1t1,F2a1t1
2021-Hojo-003_S3,125222.0,3130.0,55.0,0.0,Hojo-003,Hojo,133_21_Akit_Edam,21.0,Akit,Edam,2021/4/21,40.28496,140.58007,8.54873,F1z1p2,F1z1p2
2021-Hojo-004_S4,136090.0,3109.0,98.0,2.0,Hojo-004,Hojo,134_21_Akit_Edam,21.0,Akit,Edam,2021/4/21,40.28739,140.57882,8.54945,F1z1p2,F1z1p2
2021-Hojo-005_S5,174896.0,4766.0,99.0,5.0,Hojo-005,Hojo,135_21_Akit_Edam,21.0,Akit,Edam,2021/4/21,40.29592,140.58084,8.55668,D3d2p2,NA
2021-Hojo-006_S6,182757.0,3885.0,207.0,0.0,Hojo-006,Hojo,136_21_Akit_Soyb,21.0,Akit,Soyb,2021/4/21,40.28691,140.58607,8.55448,F2,F2a1t1
2021-Hojo-007_S7,153694.0,7260.0,90.0,9.0,Hojo-007,Hojo,137_21_Akit_Soyb,21.0,Akit,Soyb,2021/4/21,40.31706,140.56971,8.56269,D6z1v3,NA
2021-Hojo-008_S8,101494.0,2270.0,62.0,0.0,Hojo-008,Hojo,138_21_Akit_Soyb,21.0,Akit,Soyb,2021/4/21,40.32274,140.56185,8.56071,F1j6y1,F1z1t1
2021-Hojo-009_S9,150635.0,5547.0,90.0,4.0,Hojo-009,Hojo,139_21_Akit_Soyb,21.0,Akit,Soyb,2021/4/21,40.2941,140.55357,8.5353,F1z1p2,F1z1p2
2021-Hojo-010_S10,109931.0,2881.0,61.0,8.0,Hojo-010,Hojo,140_21_Akit_Soyb,21.0,Akit,Soyb,2021/4/21,40.259941,140.578424,8.53067,F4z1p2,F4z1p2
2021-Hojo-011_S11,123646.0,7840.0,39.0,0.0,Hojo-011,Hojo,141_21_Miyz_Spin,21.0,Miyz,Spin,2021/8/5,31.82225,131.0483,-4.19668,D6h1v4,NA
2021-Hojo-012_S12,93466.0,3969.0,30.0,0.0,Hojo-012,Hojo,142_21_Miyz_Spin,21.0,Miyz,Spin,2021/8/5,31.82225,131.0483,-4.19668,D6h1v4,NA
2021-Hojo-013_S13,125016.0,5259.0,60.0,0.0,Hojo-013,Hojo,143_21_Miyz_Spin,21.0,Miyz,Spin,2021/8/5,31.82225,131.0483,-4.19668,D6h1v5,NA
2021-Hojo-014_S14,93783.0,4908.0,38.0,2.0,Hojo-014,Hojo,144_21_Miyz_Spin,21.0,Miyz,Spin,2021/8/5,31.97806,131.05659,-4.08562,D6c1p2,NA
2021-Hojo-015_S15,154702.0,5526.0,83.0,6.0,Hojo-015,Hojo,145_21_Miyz_Spin,21.0,Miyz,Spin,2021/8/5,31.97806,131.05659,-4.08562,D6c1p2,NA
2021-Hojo-016_S16,94309.0,3248.0,41.0,0.0,Hojo-016,Hojo,146_21_Miyz_Spin,21.0,Miyz,Spin,2021/8/5,31.97806,131.05659,-4.08562,D6c1p2,NA
2021-Hojo-017_S17,83388.0,3763.0,46.0,0.0,Hojo-017,Hojo,147_21_Miyz_Spin,21.0,Miyz,Spin,2021/8/5,31.97806,131.05659,-4.08562,D6c1p2,NA
2021-Hojo-018_S18,53942.0,2140.0,43.0,0.0,Hojo-018,Hojo,148_21_Miyz_Spin,21.0,Miyz,Spin,2021/8/5,31.97806,131.05659,-4.08562,D6c1p2,NA
2021-Hojo-019_S19,50432.0,2103.0,17.0,2.0,Hojo-019,Hojo,149_21_Miyz_Spin,21.0,Miyz,Spin,2021/8/5,31.97806,131.05659,-4.08562,D6c1p2,NA
2021-Hojo-020_S20,92394.0,3747.0,54.0,2.0,Hojo-020,Hojo,150_21_Miyz_Spin,21.0,Miyz,Spin,2021/8/5,31.83526,131.06897,-4.17264,D6h1v4,NA
2021-Hojo-021_S83,211164.0,9048.0,131.0,0.0,Hojo-021,Hojo,151_21_Miyz_Spin,21.0,Miyz,Spin,2021/8/5,31.83566,131.06885,-4.17246,D6h1v4,D6h1v4
2021-Hojo-022_S22,126819.0,6600.0,95.0,0.0,Hojo-022,Hojo,152_21_Miyz_Spin,21.0,Miyz,Spin,2021/8/5,31.97806,131.05659,-4.08562,D6c1p2,NA
2021-Hojo-023_S23,106720.0,5575.0,92.0,0.0,Hojo-023,Hojo,153_21_Miyz_Spin,21.0,Miyz,Spin,2021/8/5,31.97806,131.05659,-4.08562,D6c1p2,NA
2021-Hojo-024_S24,164076.0,6456.0,140.0,4.0,Hojo-024,Hojo,154_21_Miyz_Spin,21.0,Miyz,Spin,2021/8/7,31.97806,131.05659,-4.08562,D6c1p2,NA
2021-Hojo-025_S25,62570.0,3838.0,20.0,0.0,Hojo-025,Hojo,155_21_Miyz_Spin,21.0,Miyz,Spin,2021/8/7,31.78872,131.13366,-4.15616,D6h1v4,NA
2021-Hojo-026_S26,88215.0,4060.0,47.0,0.0,Hojo-026,Hojo,156_21_Miyz_Spin,21.0,Miyz,Spin,2021/8/7,31.97806,131.05659,-4.08562,D6c1p2,NA
2021-Hojo-027_S27,89995.0,4474.0,58.0,0.0,Hojo-027,Hojo,157_21_Miyz_Spin,21.0,Miyz,Spin,2021/8/7,31.97806,131.05659,-4.08562,D6c1p2,NA
2021-Hojo-028_S28,119622.0,6506.0,28.0,0.0,Hojo-028,Hojo,158_21_Miyz_Spin,21.0,Miyz,Spin,2021/8/7,31.6978,131.07019,-4.26431,D6h1p2,D6h1p2
2021-Hojo-029_S84,299285.0,12606.0,128.0,11.0,Hojo-029,Hojo,159_21_Miyz_Spin,21.0,Miyz,Spin,2021/8/7,31.97806,131.05659,-4.08562,D6c1p2,NA
2021-Hojo-030_S30,100394.0,5114.0,72.0,0.0,Hojo-030,Hojo,160_21_Miyz_Spin,21.0,Miyz,Spin,2021/8/7,31.97806,131.05659,-4.08562,D6c1p2,NA
2021-Hojo-031_S31,61020.0,2266.0,71.0,0.0,Hojo-031,Hojo,161_21_Miyz_Spin,21.0,Miyz,Spin,2021/8/7,31.97806,131.05659,-4.08562,D6c1p2,NA
2021-Hojo-032_S32,132754.0,7610.0,53.0,0.0,Hojo-032,Hojo,162_21_Miyz_Spin,21.0,Miyz,Spin,2021/8/7,31.97806,131.05659,-4.08562,D6c1p2,NA
2021-Hojo-033_S33,82761.0,2967.0,26.0,7.0,Hojo-033,Hojo,163_21_Miyz_Spin,21.0,Miyz,Spin,2021/8/10,31.97806,131.05659,-4.08562,D6c1p2,NA
2021-Hojo-034_S34,118244.0,6156.0,60.0,16.0,Hojo-034,Hojo,164_21_Miyz_Spin,21.0,Miyz,Spin,2021/8/10,31.68971,131.04049,-4.29171,D6h1p2,D6h1p2
2021-Hojo-035_S35,96906.0,5456.0,51.0,0.0,Hojo-035,Hojo,165_21_Miyz_Spin,21.0,Miyz,Spin,2021/8/10,31.68997,131.04021,-4.29174,D6h1p2,D6h1p2
2021-Hojo-036_S36,107721.0,5517.0,31.0,0.0,Hojo-036,Hojo,166_21_Miyz_Spin,21.0,Miyz,Spin,2021/8/10,31.97806,131.05659,-4.08562,D6c1p2,NA
2021-Hojo-037_S37,138345.0,3540.0,171.0,17.0,Hojo-037,Hojo,167_21_Miyz_Spin,21.0,Miyz,Spin,2021/8/10,31.97806,131.05659,-4.08562,D6c1p2,NA
2021-Hojo-038_S38,98030.0,4477.0,25.0,3.0,Hojo-038,Hojo,168_21_Miyz_Spin,21.0,Miyz,Spin,2021/8/10,31.97806,131.05659,-4.08562,D6c1p2,NA
2021-Hojo-039_S39,102783.0,4435.0,41.0,0.0,Hojo-039,Hojo,169_21_Miyz_Spin,21.0,Miyz,Spin,2021/8/10,31.97806,131.05659,-4.08562,D6c1p2,NA
2021-Hojo-040_S40,86585.0,4400.0,24.0,0.0,Hojo-040,Hojo,170_21_Miyz_Spin,21.0,Miyz,Spin,2021/8/10,31.97806,131.05659,-4.08562,D6c1p2,NA
2021-Hojo-041_S41,134484.0,5318.0,42.0,3.0,Hojo-041,Hojo,171_21_Miyz_Spin,21.0,Miyz,Spin,2021/8/10,31.97806,131.05659,-4.08562,D6c1p2,NA
2021-Hojo-042_S42,96936.0,3206.0,39.0,0.0,Hojo-042,Hojo,172_21_Miyz_Spin,21.0,Miyz,Spin,2021/8/10,31.97806,131.05659,-4.08562,D6c1p2,NA
2021-Hojo-043_S43,77343.0,4450.0,29.0,0.0,Hojo-043,Hojo,173_21_Miyz_Spin,21.0,Miyz,Spin,2021/8/10,31.97806,131.05659,-4.08562,D6c1p2,NA
2021-Hojo-044_S44,70602.0,4225.0,22.0,0.0,Hojo-044,Hojo,174_21_Miyz_Spin,21.0,Miyz,Spin,2021/8/10,31.97806,131.05659,-4.08562,D6c1p2,NA
2021-Hojo-045_S45,86555.0,2638.0,85.0,12.0,Hojo-045,Hojo,175_21_Miyz_Spin,21.0,Miyz,Spin,2021/8/10,31.66206,131.05427,-4.30014,D6h1p2,D6h1p2
2021-Hojo-046_S46,69721.0,5397.0,19.0,2.0,Hojo-046,Hojo,176_21_Miyz_Spin,21.0,Miyz,Spin,2021/7/22,31.98461,131.06121,-4.0778,D1h3w5,D1h3w5
2021-Hojo-047_S47,114899.0,9924.0,21.0,12.0,Hojo-047,Hojo,177_21_Miyz_Spin,21.0,Miyz,Spin,2021/7/22,31.98473,131.06015,-4.0785,D1h3w5,NA
2021-Hojo-048_S48,69643.0,5118.0,4.0,2.0,Hojo-048,Hojo,178_21_Miyz_Spin,21.0,Miyz,Spin,2021/7/22,31.98166,131.0619,-4.07927,D1h3w5,D1h3w5
2021-Hojo-049_S49,98785.0,5621.0,31.0,0.0,Hojo-049,Hojo,179_21_Miyz_Spin,21.0,Miyz,Spin,2021/7/22,31.98068,131.06977,-4.07412,D1h3w5,D1h3w5
2021-Hojo-050_S50,79779.0,5045.0,22.0,0.0,Hojo-050,Hojo,180_21_Miyz_Spin,21.0,Miyz,Spin,2021/7/22,31.98249,131.06942,-4.07316,D1h3w5,D1h3w5
2021-Hojo-051_S51,83237.0,4819.0,30.0,3.0,Hojo-051,Hojo,181_21_Miyz_Spin,21.0,Miyz,Spin,2021/7/22,31.98308,131.07401,-4.06937,D1h3w5,D1h3w5
2021-Hojo-052_S52,91941.0,3736.0,29.0,3.0,Hojo-052,Hojo,182_21_Miyz_Spin,21.0,Miyz,Spin,2021/7/22,31.96784,131.07423,-4.07947,D6c1p2,D6c1p2
2021-Hojo-053_S85,200960.0,6702.0,81.0,7.0,Hojo-053,Hojo,183_21_Miyz_Spin,21.0,Miyz,Spin,2021/7/22,31.96817,131.07416,-4.0793,D6c1p2,D6c1p2
2021-Hojo-054_S54,132306.0,4982.0,76.0,13.0,Hojo-054,Hojo,184_21_Miyz_Spin,21.0,Miyz,Spin,2021/7/22,31.94618,131.08595,-4.08539,D1h3w5,NA
2021-Hojo-055_S55,107994.0,5106.0,25.0,3.0,Hojo-055,Hojo,185_21_Miyz_Spin,21.0,Miyz,Spin,2021/7/22,31.94781,131.08877,-4.08221,D1h3w5,D1h3w5
2021-Hojo-056_S56,133166.0,9067.0,19.0,5.0,Hojo-056,Hojo,186_21_Miyz_Spin,21.0,Miyz,Spin,2021/7/22,31.94478,131.09492,-4.0797,D1h3w5,D1h3w5
2021-Hojo-057_S57,61192.0,3387.0,17.0,0.0,Hojo-057,Hojo,187_21_Miyz_Spin,21.0,Miyz,Spin,2021/7/27,31.98487,130.98144,-4.13659,D6z1v3,NA
2021-Hojo-058_S58,77565.0,5262.0,18.0,0.0,Hojo-058,Hojo,188_21_Miyz_Spin,21.0,Miyz,Spin,2021/7/27,31.97314,130.9813,-4.1446,D6z1v3,D1h3w5
2021-Hojo-059_S59,76933.0,6324.0,14.0,8.0,Hojo-059,Hojo,189_21_Miyz_Spin,21.0,Miyz,Spin,2021/7/27,31.96876,130.97879,-4.1494,D1h3w5,D1h3w5
2021-Hojo-060_S60,97290.0,5965.0,40.0,2.0,Hojo-060,Hojo,190_21_Miyz_Spin,21.0,Miyz,Spin,2021/7/27,31.96756,130.98221,-4.14768,D1h3w5,D1h3w5
2021-Hojo-061_S86,168645.0,9910.0,72.0,12.0,Hojo-061,Hojo,191_21_Miyz_Spin,21.0,Miyz,Spin,2021/7/27,31.95982,130.98613,-4.14999,D1h3w5,NA
2021-Hojo-062_S62,83402.0,3524.0,23.0,2.0,Hojo-062,Hojo,192_21_Miyz_Spin,21.0,Miyz,Spin,2021/7/27,31.95182,130.95993,-4.17475,D6h2p2,NA
2021-Hojo-063_S63,38763.0,2066.0,18.0,0.0,Hojo-063,Hojo,193_21_Miyz_Spin,21.0,Miyz,Spin,2021/7/27,31.95155,130.95975,-4.17507,D6h2p2,D6h2p2
2021-Hojo-064_S64,115725.0,5945.0,68.0,0.0,Hojo-064,Hojo,194_21_Miyz_Spin,21.0,Miyz,Spin,2021/7/27,31.95271,130.97294,-4.16453,D1h3w5,D1h3w5
2021-Hojo-065_S65,88826.0,3343.0,46.0,0.0,Hojo-065,Hojo,195_21_Miyz_Spin,21.0,Miyz,Spin,2021/7/27,31.95195,130.97238,-4.16546,D1h3w5,D1h3w5
2021-Hojo-066_S66,109602.0,5317.0,44.0,2.0,Hojo-066,Hojo,196_21_Miyz_Spin,21.0,Miyz,Spin,2021/7/27,31.95151,130.97229,-4.16582,D1h3w5,D1h3w5
2021-Hojo-067_S67,79012.0,4137.0,37.0,2.0,Hojo-067,Hojo,197_21_Miyz_Spin,21.0,Miyz,Spin,2021/7/27,31.95164,130.97169,-4.16618,D1h3w5,D1h3w5
2021-Hojo-068_S68,76636.0,3118.0,20.0,2.0,Hojo-068,Hojo,198_21_Miyz_Spin,21.0,Miyz,Spin,2021/7/27,31.95768,130.98153,-4.15484,D1h3w5,NA
2021-Hojo-069_S69,96755.0,6841.0,38.0,2.0,Hojo-069,Hojo,199_21_Miyz_Spin,21.0,Miyz,Spin,2021/7/27,31.95667,130.98062,-4.15619,D1h3w5,D1h3w5
2021-Hojo-070_S70,89256.0,5413.0,27.0,6.0,Hojo-070,Hojo,200_21_Miyz_Spin,21.0,Miyz,Spin,2021/7/27,31.95655,130.98111,-4.15591,D1h3w5,D1h3w5
2021-Hojo-071_S71,56299.0,3288.0,13.0,0.0,Hojo-071,Hojo,201_21_Miyz_Spin,21.0,Miyz,Spin,2021/7/27,31.95703,130.98098,-4.15568,D1h3w5,D1h3w5
2021-Hojo-072_S72,66571.0,4092.0,15.0,0.0,Hojo-072,Hojo,202_21_Miyz_Spin,21.0,Miyz,Spin,2021/7/27,31.96033,130.97966,-4.15443,D1h3w5,D1h3w5
2021-Hojo-073_S73,119100.0,8006.0,35.0,4.0,Hojo-073,Hojo,203_21_Miyz_Spin,21.0,Miyz,Spin,2021/7/27,31.95921,130.97911,-4.1556,D1h3w5,D1h3w5
2021-Hojo-074_S74,86611.0,3428.0,29.0,4.0,Hojo-074,Hojo,204_21_Miyz_Spin,21.0,Miyz,Spin,2021/7/27,31.94918,130.97546,-4.16505,D1h3w5,D1h3w5
2021-Hojo-075_S75,104622.0,4482.0,39.0,14.0,Hojo-075,Hojo,205_21_Miyz_Spin,21.0,Miyz,Spin,2021/7/27,31.94517,130.97517,-4.16796,D1h3w5,D1h3w5
2021-Hojo-076_S76,74095.0,3397.0,59.0,2.0,Hojo-076,Hojo,206_21_Miyz_Spin,21.0,Miyz,Spin,2021/7/27,31.94553,130.98648,-4.15936,D6h2p2,D6h2p2
2021-Hojo-077_S77,84141.0,4734.0,54.0,0.0,Hojo-077,Hojo,207_21_Miyz_Spin,21.0,Miyz,Spin,2021/7/27,31.94529,130.98639,-4.15959,D6h2p2,D6h2p2
2021-Hojo-078_S78,58465.0,3266.0,52.0,0.0,Hojo-078,Hojo,208_21_Miyz_Spin,21.0,Miyz,Spin,2021/7/27,31.94478,130.98586,-4.16032,D6h2p2,D6h2p2
2021-Hojo-079_S79,121932.0,5745.0,55.0,0.0,Hojo-079,Hojo,209_21_Miyz_Spin,21.0,Miyz,Spin,2021/7/27,31.92698,130.98866,-4.17024,D6h2p2,D6h2p2
2021-Hojo-080_S80,83721.0,4405.0,10.0,3.0,Hojo-080,Hojo,210_21_Miyz_Spin,21.0,Miyz,Spin,2021/7/27,31.92749,130.98893,-4.1697,D6h2p2,D6h2p2
2021-Hojo-081_S81,97952.0,4908.0,32.0,0.0,Hojo-081,Hojo,211_21_Miyz_Spin,21.0,Miyz,Spin,2021/7/27,31.92787,130.98876,-4.16957,D6h2p2,D6h2p2
2021-Hojo-082_S82,58026.0,2927.0,25.0,4.0,Hojo-082,Hojo,212_21_Miyz_Edam,21.0,Miyz,Edam,2021/8/4,31.80552,131.04908,-4.20737,D6h1v4,D6h1v4
2021-Hojo-083_S83,88067.0,4294.0,34.0,0.0,Hojo-083,Hojo,213_21_Miyz_Edam,21.0,Miyz,Edam,2021/8/4,31.97806,131.05659,-4.08562,D6c1p2,NA
2021-Hojo-084_S84,94913.0,6923.0,22.0,0.0,Hojo-084,Hojo,214_21_Miyz_Edam,21.0,Miyz,Edam,2021/8/4,31.97806,131.05659,-4.08562,D6c1p2,NA
2021-Hojo-085_S69,19101.0,1373.0,0.0,0.0,Hojo-085,Hojo,215_21_Miyz_Edam,21.0,Miyz,Edam,2021/8/24,31.97806,131.05659,-4.08562,D6c1p2,NA
2021-Hojo-086_S87,222019.0,14442.0,50.0,0.0,Hojo-086,Hojo,216_21_Miyz_Edam,21.0,Miyz,Edam,2021/8/24,31.97806,131.05659,-4.08562,D6c1p2,NA
2021-Hojo-087_S87,86399.0,5374.0,2.0,0.0,Hojo-087,Hojo,217_21_Miyz_Edam,21.0,Miyz,Edam,2021/8/24,31.97806,131.05659,-4.08562,D6c1p2,NA
2021-Hojo-088_S88,69661.0,4330.0,14.0,0.0,Hojo-088,Hojo,218_21_Miyz_Edam,21.0,Miyz,Edam,2021/8/24,31.97806,131.05659,-4.08562,D6c1p2,NA
2021-Hojo-089_S89,110259.0,6321.0,41.0,0.0,Hojo-089,Hojo,219_21_Miyz_Edam,21.0,Miyz,Edam,2021/8/24,31.97806,131.05659,-4.08562,D6c1p2,NA
2021-Hojo-090_S90,84629.0,6562.0,54.0,2.0,Hojo-090,Hojo,220_21_Miyz_Edam,21.0,Miyz,Edam,2021/8/24,31.97806,131.05659,-4.08562,D6c1p2,NA
2021-Hojo-091_S91,131845.0,8756.0,78.0,0.0,Hojo-091,Hojo,221_21_Miyz_Edam,21.0,Miyz,Edam,2021/8/24,31.97806,131.05659,-4.08562,D6c1p2,NA
2021-Hojo-092_S92,71238.0,4127.0,44.0,0.0,Hojo-092,Hojo,222_21_Miyz_Edam,21.0,Miyz,Edam,2021/8/24,31.97806,131.05659,-4.08562,D6c1p2,NA
2021-Hojo-093_S70,116229.0,2493.0,6.0,0.0,Hojo-093,Hojo,223_21_Miyz_Edam,21.0,Miyz,Edam,2021/8/24,31.97806,131.05659,-4.08562,D6c1p2,NA
2021-Hojo-094_S94,94032.0,6727.0,34.0,0.0,Hojo-094,Hojo,224_21_Miyz_Edam,21.0,Miyz,Edam,2021/8/24,31.97806,131.05659,-4.08562,D6c1p2,NA
2021-Hojo-095_S95,115763.0,8833.0,19.0,0.0,Hojo-095,Hojo,225_21_Miyz_Edam,21.0,Miyz,Edam,2021/8/24,31.97806,131.05659,-4.08562,D6c1p2,NA
2021-Hojo-096_S96,102299.0,6854.0,17.0,0.0,Hojo-096,Hojo,226_21_Miyz_Edam,21.0,Miyz,Edam,2021/8/24,31.97806,131.05659,-4.08562,D6c1p2,NA
2021-Hojo-097_S97,66884.0,4696.0,11.0,0.0,Hojo-097,Hojo,227_21_Miyz_Edam,21.0,Miyz,Edam,2021/8/24,31.97806,131.05659,-4.08562,D6c1p2,NA
2021-Hojo-098_S98,77212.0,6724.0,20.0,0.0,Hojo-098,Hojo,228_21_Miyz_Edam,21.0,Miyz,Edam,2021/8/24,31.97806,131.05659,-4.08562,D6c1p2,NA
2021-Hojo-099_S99,71302.0,3310.0,22.0,2.0,Hojo-099,Hojo,229_21_Miyz_Edam,21.0,Miyz,Edam,2021/8/24,31.96307,131.05631,-4.09593,D1h3w4,NA
2021-Hojo-100_S100,83083.0,5811.0,35.0,0.0,Hojo-100,Hojo,230_21_Miyz_Edam,21.0,Miyz,Edam,2021/8/24,31.95641,131.07172,-4.08902,D1h3w4,I1k2t1
2021-Hojo-101_S71,149044.0,2399.0,40.0,0.0,Hojo-101,Hojo,231_21_Miyz_Edam,21.0,Miyz,Edam,2021/8/24,31.95185,131.0347,-4.11946,D1h3w5,D1h3w5
2021-Hojo-102_S102,90434.0,5422.0,31.0,0.0,Hojo-102,Hojo,232_21_Miyz_Edam,21.0,Miyz,Edam,2021/8/24,31.95179,131.03448,-4.11966,D1h3w5,D1h3w5
2021-Hojo-103_S103,62527.0,5186.0,13.0,0.0,Hojo-103,Hojo,233_21_Miyz_Edam,21.0,Miyz,Edam,2021/8/24,31.94666,131.01912,-4.13447,D6h2p2,D6h2p2
2021-Hojo-104_S104,134538.0,8834.0,116.0,8.0,Hojo-104,Hojo,234_21_Miyz_Spin,21.0,Miyz,Spin,2021/8/26,32.02731,130.83083,-4.21935,D6z1v3,D6z1v3
2021-Hojo-105_S105,23376.0,912.0,2.0,0.0,Hojo-105,Hojo,235_21_Miyz_Spin,21.0,Miyz,Spin,2021/8/26,32.01958,130.82713,-4.22729,D6c1v2,D6c1v2
2021-Hojo-106_S106,35567.0,2224.0,11.0,0.0,Hojo-106,Hojo,236_21_Miyz_Spin,21.0,Miyz,Spin,2021/8/26,32.01296,130.8304,-4.22933,D6c1v2,D6c1v2
2021-Hojo-107_S107,38633.0,1918.0,0.0,0.0,Hojo-107,Hojo,237_21_Miyz_Spin,21.0,Miyz,Spin,2021/8/26,32.01355,130.8332,-4.22686,D6c1v2,NA
2021-Hojo-108_S108,60427.0,2570.0,22.0,0.0,Hojo-108,Hojo,238_21_Miyz_Spin,21.0,Miyz,Spin,2021/8/26,32.03526,130.88112,-4.17682,D6z1v3,NA
2021-Hojo-109_S109,56562.0,5498.0,56.0,0.0,Hojo-109,Hojo,239_21_Aomo_Appl,21.0,Aomo,Appl,2021/7/26,40.3844,140.262,8.38057,D5z1,NA
2021-Hojo-110_S88,162646.0,8255.0,96.0,2.0,Hojo-110,Hojo,240_21_Aomo_Appl,21.0,Aomo,Appl,2021/7/26,40.3845,140.265,8.38285,D5z1,NA
2021-Hojo-111_S111,63370.0,7886.0,30.0,2.0,Hojo-111,Hojo,241_21_Aomo_Appl,21.0,Aomo,Appl,2021/8/9,40.3844,140.262,8.38057,D5z1,NA
2021-Hojo-112_S112,51550.0,3452.0,28.0,0.0,Hojo-112,Hojo,242_21_Aomo_Appl,21.0,Aomo,Appl,2021/8/9,40.3845,140.265,8.38285,D5z1,NA
2021-Hojo-113_S113,122830.0,16977.0,44.0,0.0,Hojo-113,Hojo,243_21_Aomo_Appl,21.0,Aomo,Appl,2021/8/24,40.3844,140.262,8.38057,D5z1,NA
2021-Hojo-114_S114,53772.0,7214.0,19.0,0.0,Hojo-114,Hojo,244_21_Aomo_Appl,21.0,Aomo,Appl,2021/8/24,40.3845,140.265,8.38285,D5z1,NA
2021-Hojo-115_S115,83249.0,9394.0,59.0,2.0,Hojo-115,Hojo,245_21_Aomo_Appl,21.0,Aomo,Appl,2021/8/24,40.5648,140.455,8.64473,D6h2y1,D6h2y1
2021-Hojo-116_S116,81089.0,8493.0,29.0,0.0,Hojo-116,Hojo,246_21_Aomo_Appl,21.0,Aomo,Appl,2021/8/24,40.5651,140.455,8.64493,D6h2y1,D6h2y1
2021-Hojo-117_S117,102770.0,10877.0,3.0,0.0,Hojo-117,Hojo,247_21_Aomo_Appl,21.0,Aomo,Appl,2021/8/24,40.5781,140.415,8.62412,D6h2y1,D6h2y1
2021-Hojo-118_S89,123425.0,4669.0,50.0,2.0,Hojo-118,Hojo,248_21_Aomo_Appl,21.0,Aomo,Appl,2021/8/24,40.5794,140.416,8.62573,D6h2y1,D6h2y1
2021-Hojo-119_S119,59451.0,5623.0,24.0,2.0,Hojo-119,Hojo,249_21_Aomo_Appl,21.0,Aomo,Appl,2021/8/12,40.6979,140.443,8.72549,F4z1t1,F4z1t1
2021-Hojo-120_S120,46179.0,2683.0,27.0,0.0,Hojo-120,Hojo,250_21_Aomo_Appl,21.0,Aomo,Appl,2021/8/12,40.6974,140.444,8.72589,F4z1t1,F4z1t1
2021-Hojo-121_S121,106045.0,7948.0,120.0,0.0,Hojo-121,Hojo,251_21_Aomo_Appl,21.0,Aomo,Appl,2021/8/26,40.6979,140.443,8.72549,F4z1t1,F4z1t1
2021-Hojo-122_S122,99064.0,9059.0,177.0,0.0,Hojo-122,Hojo,252_21_Aomo_Appl,21.0,Aomo,Appl,2021/8/26,40.6974,140.444,8.72589,F4z1t1,F4z1t1
2021-Hojo-123_S123,80137.0,4504.0,216.0,0.0,Hojo-123,Hojo,253_21_Sait_Spin,21.0,Sait,Spin,NA,36.23304,139.26667,4.84912,F5z1y1,F5z1y1
2021-Hojo-124_S124,58451.0,4645.0,12.0,0.0,Hojo-124,Hojo,254_21_Sait_Spin,21.0,Sait,Spin,NA,36.23763,139.26729,4.85267,F3z1t1,F3z1t1
2021-Hojo-125_S125,45568.0,3459.0,51.0,0.0,Hojo-125,Hojo,255_21_Sait_Spin,21.0,Sait,Spin,2021/8/3,36.2243,139.24811,4.82951,F4z1t1,F4z1t1
2021-Hojo-126_S126,66318.0,7379.0,34.0,2.0,Hojo-126,Hojo,256_21_Sait_Spin,21.0,Sait,Spin,NA,36.23754,139.25405,4.84282,F4z1t1,F4z1t1
2021-Hojo-127_S127,71569.0,4706.0,55.0,0.0,Hojo-127,Hojo,257_21_Sait_Spin,21.0,Sait,Spin,2021/8/22,36.23575,139.26119,4.84689,F5z1y1,F5z1y1
2021-Hojo-128_S128,15288.0,325.0,7.0,0.0,Hojo-128,Hojo,258_21_Sait_Spin,21.0,Sait,Spin,2021/8/7,NA,NA,NA,,NA
2021-Hojo-129_S129,43687.0,1522.0,0.0,0.0,Hojo-129,Hojo,259_21_Sait_Spin,21.0,Sait,Spin,2021/7/30,36.22539,139.24665,4.82916,F5z1y1,F5z1y1
2021-Hojo-130_S130,74249.0,3554.0,96.0,3.0,Hojo-130,Hojo,260_21_Naga_Appl,21.0,Naga,Appl,2021/7/31,36.75198,138.27635,4.46649,H1c3t1,H1c3t1
2021-Hojo-131_S131,90654.0,4418.0,29.0,0.0,Hojo-131,Hojo,261_21_Naga_Appl,21.0,Naga,Appl,2021/7/31,36.75198,138.27635,4.46649,H1c3t1,H1c3t1
2021-Hojo-132_S132,65874.0,8580.0,37.0,0.0,Hojo-132,Hojo,262_21_Naga_Appl,21.0,Naga,Appl,2021/7/31,36.75311,138.27852,4.46886,I1k2t1,I1k2t1
2021-Hojo-133_S133,42005.0,1859.0,6.0,0.0,Hojo-133,Hojo,263_21_Naga_Appl,21.0,Naga,Appl,2021/7/31,36.75311,138.27852,4.46886,I1k2t1,I1k2t1
2021-Hojo-134_S134,63511.0,2214.0,13.0,0.0,Hojo-134,Hojo,264_21_Naga_Appl,21.0,Naga,Appl,2021/7/31,36.75044,138.27151,4.46188,I1k2t1,I1k2t1
2021-Hojo-135_S135,52384.0,4326.0,5.0,0.0,Hojo-135,Hojo,265_21_Naga_Appl,21.0,Naga,Appl,2021/7/31,36.75044,138.27151,4.46188,I1k2t1,I1k2t1
2021-Hojo-136_S136,104325.0,4205.0,47.0,4.0,Hojo-136,Hojo,266_21_Naga_Appl,21.0,Naga,Appl,2021/7/31,36.74924,138.27163,4.46116,I1k2t1,I1k2t1
2021-Hojo-137_S137,43447.0,3200.0,11.0,7.0,Hojo-137,Hojo,267_21_Naga_Appl,21.0,Naga,Appl,2021/7/31,36.74924,138.27163,4.46116,I1k2t1,I1k2t1
2021-Hojo-138_S138,55986.0,4955.0,9.0,0.0,Hojo-138,Hojo,268_21_Naga_Appl,21.0,Naga,Appl,2021/7/31,36.74758,138.27045,4.45917,I1k2t1,I1k2t1
2021-Hojo-139_S139,32869.0,2754.0,13.0,0.0,Hojo-139,Hojo,269_21_Naga_Appl,21.0,Naga,Appl,2021/7/31,36.74758,138.27045,4.45917,I1k2t1,I1k2t1
2021-Hojo-140_S140,36974.0,4212.0,7.0,0.0,Hojo-140,Hojo,270_21_Naga_Appl,21.0,Naga,Appl,2021/7/31,36.74291,138.27361,4.45836,I1k2t1,NA
2022-Hojo-001_S1,80343.0,4608.0,9.0,0.0,22-Hojo-001,Hojo,271_22_Naga_Rice,22.0,Naga,Rice,2022/10/10,36.32774,137.89989,3.9025,F4z1p2,F4z1p2
2022-Hojo-002_S2,114646.0,5695.0,13.0,0.0,22-Hojo-002,Hojo,272_22_Naga_Rice,22.0,Naga,Rice,2022/10/10,36.32032,137.89785,3.89599,F3z1t2,NA
2022-Hojo-003_S3,127163.0,7007.0,116.0,0.0,22-Hojo-003,Hojo,273_22_Naga_Rice,22.0,Naga,Rice,2022/10/10,36.32417,137.89702,3.89797,F3z1t2,NA
2022-Hojo-004_S4,90891.0,5199.0,13.0,2.0,22-Hojo-004,Hojo,274_22_Naga_Rice,22.0,Naga,Rice,2022/10/12,36.31817,137.86186,3.86794,F5z1p2,NA
2022-Hojo-005_S5,116092.0,5673.0,28.0,0.0,22-Hojo-005,Hojo,275_22_Naga_Rice,22.0,Naga,Rice,2022/10/12,36.32258,137.86318,3.87188,F4z1p2,F4z1p2
2022-Hojo-006_S6,117009.0,4672.0,15.0,11.0,22-Hojo-006,Hojo,276_22_Naga_Rice,22.0,Naga,Rice,2022/10/12,36.32237,137.86443,3.87267,F4z1p2,F4z1p2
2022-Hojo-007_S7,84126.0,4535.0,21.0,0.0,22-Hojo-007,Hojo,277_22_Naga_Rice,22.0,Naga,Rice,2022/10/12,36.32355,137.85912,3.86954,F4z1p2,F4z1p2
2022-Hojo-008_S8,96875.0,5059.0,18.0,5.0,22-Hojo-008,Hojo,278_22_Naga_Rice,22.0,Naga,Rice,2022/10/12,36.31943,137.86387,3.87027,F5z1p2,F5z1p2
2022-Hojo-009_S9,92438.0,3910.0,18.0,2.0,22-Hojo-009,Hojo,279_22_Naga_Rice,22.0,Naga,Rice,2022/10/12,36.3138,137.86327,3.86604,F5z1p2,F5z1p2
2022-Hojo-010_S10,106388.0,5526.0,21.0,0.0,22-Hojo-010,Hojo,280_22_Naga_Rice,22.0,Naga,Rice,2022/10/12,36.31673,137.85991,3.86553,F5z1p2,F5z1p2
2022-Hojo-011_S11,98842.0,4251.0,9.0,0.0,22-Hojo-011,Hojo,281_22_Naga_Rice,22.0,Naga,Rice,2022/10/12,36.31155,137.85927,3.86157,F5z1p2,F5z1p2
2022-Hojo-012_S12,73100.0,3376.0,10.0,0.0,22-Hojo-012,Hojo,282_22_Naga_Rice,22.0,Naga,Rice,2022/10/12,36.31608,137.86133,3.86614,F5z1p2,NA
2022-Hojo-013_S13,94056.0,2377.0,41.0,7.0,22-Hojo-013,Hojo,283_22_Miyz_Soyb,22.0,Miyz,Soyb,2022/9/1,32.2775,131.3216,-3.68806,D6z1,NA
2022-Hojo-014_S14,71418.0,1187.0,26.0,0.0,22-Hojo-014,Hojo,284_22_Miyz_Soyb,22.0,Miyz,Soyb,2022/9/1,32.27838,131.32319,-3.68629,D6z1,NA
2022-Hojo-015_S15,111917.0,959.0,36.0,0.0,22-Hojo-015,Hojo,285_22_Miyz_Soyb,22.0,Miyz,Soyb,2022/9/1,NA,NA,NA,,NA
2022-Hojo-016_S16,73731.0,1956.0,15.0,0.0,22-Hojo-016,Hojo,286_22_Hokk_Soyb,22.0,Hokk,Soyb,2022/6/5,NA,NA,NA,,NA
2022-Hojo-017_S17,53232.0,1734.0,18.0,0.0,22-Hojo-017,Hojo,287_22_Hokk_Soyb,22.0,Hokk,Soyb,2022/10/26,42.89321,143.24305,12.2738,F2h3t1,F2h3t1
2022-Hojo-018_S18,35939.0,1073.0,0.0,0.0,22-Hojo-018,Hojo,288_22_Hokk_Soyb,22.0,Hokk,Soyb,2022/10/26,42.927758,143.262057,12.3111,F4z1t2,F4z1t2
2022-Hojo-019_S19,39446.0,2825.0,0.0,0.0,22-Hojo-019,Hojo,289_22_Hokk_Whea,22.0,Hokk,Whea,2022/7/30,42.892848,143.233416,12.2665,D6h2y1,D6h2y1
2022-Hojo-020_S20,60019.0,5195.0,11.0,4.0,22-Hojo-020,Hojo,290_22_Hokk_Whea,22.0,Hokk,Whea,2022/7/30,42.891742,143.219176,12.2552,D6h2y1,NA
2022-Hojo-021_S21,3471.0,113.0,0.0,0.0,22-Hojo-021,Hojo,291_22_Hokk_Whea,22.0,Hokk,Whea,2022/7/30,42.8886,143.24327,12.2709,F3z1t4,F3z1t4
2022-Hojo-022_S22,66310.0,2227.0,43.0,0.0,22-Hojo-022,Hojo,292_22_Hokk_Whea,22.0,Hokk,Whea,2022/7/30,42.88008,143.23892,12.2619,F2h3t1,F2h3t1
2022-Hojo-023_S23,60625.0,1797.0,12.0,0.0,22-Hojo-023,Hojo,293_22_Hokk_Whea,22.0,Hokk,Whea,2022/7/30,42.90823,143.23138,12.2753,G2k2t3,G2k2t3
2022-Hojo-024_S24,73910.0,3759.0,14.0,0.0,22-Hojo-024,Hojo,294_22_Hokk_Whea,22.0,Hokk,Whea,2022/7/30,42.90689,143.23118,12.2743,G2k2t3,G2k2t3
2022-Hojo-025_S25,71084.0,2778.0,15.0,0.0,22-Hojo-025,Hojo,295_22_Hokk_Whea,22.0,Hokk,Whea,2022/8/8,42.637512,143.295544,12.1404,B1e3w1,B1e3w1
2022-Hojo-026_S26,75032.0,7240.0,7.0,0.0,22-Hojo-026,Hojo,296_22_Hokk_Whea,22.0,Hokk,Whea,2022/8/8,42.66259,143.28787,12.1516,D6h2y1,D6h2y1
2022-Hojo-027_S27,63138.0,2841.0,12.0,2.0,22-Hojo-027,Hojo,297_22_Hokk_Whea,22.0,Hokk,Whea,2022/8/8,42.67293,143.2763,12.1501,D6h2y1,D6h2y1
2022-Hojo-028_S28,67159.0,3903.0,24.0,2.0,22-Hojo-028,Hojo,298_22_Hokk_Whea,22.0,Hokk,Whea,2022/8/8,42.67793,143.28227,12.1578,D6h2y1,D6h2y1
2022-Hojo-029_S29,6610.0,186.0,4.0,0.0,22-Hojo-029,Hojo,299_22_Hokk_Whea,22.0,Hokk,Whea,2022/8/10,42.65891,143.32121,12.1738,D6d1v3,D6d1v3
2022-Hojo-030_S30,80257.0,7270.0,24.0,6.0,22-Hojo-030,Hojo,300_22_Hokk_Whea,22.0,Hokk,Whea,2022/8/10,42.6708,143.31493,12.1772,D6h2y1,D6h2y1
2022-Hojo-031_S31,61526.0,2185.0,13.0,0.0,22-Hojo-031,Hojo,301_22_Hokk_Whea,22.0,Hokk,Whea,2022/8/10,42.581099,143.230815,12.0546,D6z1v4,D6z1v4
2022-Hojo-032_S32,96544.0,3615.0,48.0,3.0,22-Hojo-032,Hojo,302_22_Hokk_Whea,22.0,Hokk,Whea,2022/8/10,42.58196,143.23177,12.0559,D6z1v4,D6z1v4
2022-Hojo-033_S33,69220.0,2501.0,22.0,2.0,22-Hojo-033,Hojo,303_22_Hokk_Whea,22.0,Hokk,Whea,2022/8/11,42.67413,143.07597,12.0028,D3h1v3,D3h1v3
2022-Hojo-034_S34,86574.0,2442.0,21.0,0.0,22-Hojo-034,Hojo,304_22_Hokk_Whea,22.0,Hokk,Whea,2022/8/11,42.68176,143.0898,12.0181,H2z1t1,NA
2022-Hojo-035_S35,78288.0,1829.0,20.0,4.0,22-Hojo-035,Hojo,305_22_Hokk_Whea,22.0,Hokk,Whea,2022/8/11,42.69331,143.08896,12.0253,D3h1v3,D3h1v3
2022-Hojo-036_S36,101047.0,5231.0,58.0,3.0,22-Hojo-036,Hojo,306_22_Hokk_Whea,22.0,Hokk,Whea,2022/8/11,42.69829,143.07775,12.0204,D3h1v3,D3h1v3
2022-Hojo-037_S37,96813.0,2815.0,49.0,3.0,22-Hojo-037,Hojo,307_22_Hokk_Whea,22.0,Hokk,Whea,2022/8/5,42.70096,143.07643,12.0212,D6d2v4,D6d2v4
2022-Hojo-038_S38,84271.0,2969.0,32.0,2.0,22-Hojo-038,Hojo,308_22_Hokk_Whea,22.0,Hokk,Whea,2022/8/5,42.69878,143.08574,12.0266,D3h1v3,D3h1v3
2022-Hojo-039_S39,53666.0,1006.0,21.0,4.0,22-Hojo-039,Hojo,309_22_Chib_Whea,22.0,Chib,Whea,2022/6/24,35.65997,140.20493,5.1568,D6h2y1,D6h2y1
2022-Hojo-040_S40,46523.0,749.0,8.0,4.0,22-Hojo-040,Hojo,310_22_Chib_Whea,22.0,Chib,Whea,2022/6/24,35.66029,140.2049,5.157,D6h2y1,D6h2y1
2022-Hojo-041_S41,73074.0,1158.0,23.0,7.0,22-Hojo-041,Hojo,311_22_Chib_Whea,22.0,Chib,Whea,2022/6/24,35.66146,140.20482,5.15773,D6h2y1,D6h2y1
2022-Hojo-042_S42,54257.0,719.0,30.0,5.0,22-Hojo-042,Hojo,312_22_Chib_Whea,22.0,Chib,Whea,2022/6/24,35.6611,140.20443,5.15719,D6h2y1,NA
2022-Hojo-043_S43,81281.0,1489.0,27.0,8.0,22-Hojo-043,Hojo,313_22_Chib_Whea,22.0,Chib,Whea,2022/6/24,35.66163,140.20466,5.15772,D6h2y1,D6h2y1
2022-Hojo-044_S44,62311.0,996.0,4.0,0.0,22-Hojo-044,Hojo,314_22_Chib_Whea,22.0,Chib,Whea,2022/6/24,35.66156,140.20421,5.15734,D6h2y1,D6h2y1
2022-Hojo-045_S45,71920.0,6774.0,28.0,3.0,22-Hojo-045,Hojo,315_22_Miyg_Rice,22.0,Miyg,Rice,2022/10/22,38.59267,140.89606,7.64269,F3z1t2,F3z1t2
2022-Hojo-046_S46,52481.0,1967.0,3.0,3.0,22-Hojo-046,Hojo,316_22_Miyg_Rice,22.0,Miyg,Rice,2022/10/22,38.60231,140.90529,7.65601,F1z1t1,F1z1t1
2022-Hojo-047_S47,84420.0,2743.0,25.0,0.0,22-Hojo-047,Hojo,317_22_Miyg_Rice,22.0,Miyg,Rice,2022/10/22,38.60434,140.90254,7.65534,B1e4y1,B1e4y1
2022-Hojo-048_S48,59509.0,2219.0,12.0,0.0,22-Hojo-048,Hojo,318_22_Miyg_Rice,22.0,Miyg,Rice,2022/10/22,38.60429,140.90201,7.65491,B1e4y1,B1e4y1
2022-Hojo-049_S49,91817.0,4812.0,15.0,2.0,22-Hojo-049,Hojo,319_22_Miyg_Rice,22.0,Miyg,Rice,2022/10/22,38.60428,140.90095,7.65412,B1e4y1,B1e4y1
2022-Hojo-050_S50,15981.0,362.0,8.0,0.0,22-Hojo-050,Hojo,320_22_Miyg_Rice,22.0,Miyg,Rice,2022/10/22,38.60429,140.90015,7.65354,B1e4y1,B1e4y1
2022-Hojo-051_S51,84344.0,2423.0,22.0,0.0,22-Hojo-051,Hojo,321_22_Miyg_Rice,22.0,Miyg,Rice,2022/10/22,38.60306,140.89825,7.65131,F4c1t1,F4c1t1
2022-Hojo-052_S52,103682.0,3950.0,17.0,2.0,22-Hojo-052,Hojo,322_22_Niig_Rice,22.0,Niig,Rice,2022/10/5,36.99071,138.59004,4.85915,F2a2t2,NA
2022-Hojo-053_S53,3552.0,90.0,0.0,0.0,22-Hojo-053,Hojo,323_22_Niig_Rice,22.0,Niig,Rice,2022/10/5,36.97865,138.59787,4.85682,D5c1y1,D5c1y1
2022-Hojo-054_S54,88958.0,3546.0,16.0,0.0,22-Hojo-054,Hojo,324_22_Niig_Rice,22.0,Niig,Rice,2022/10/6,37.93444,139.16564,5.9202,F2a1t1,NA
2022-Hojo-055_S55,81279.0,2622.0,19.0,2.0,22-Hojo-055,Hojo,325_22_Niig_Rice,22.0,Niig,Rice,2022/10/6,37.93444,139.16564,5.9202,F2a1t1,NA
2022-Hojo-056_S56,121186.0,2584.0,30.0,5.0,22-Hojo-056,Hojo,326_22_Niig_Rice,22.0,Niig,Rice,2022/10/6,37.93444,139.16564,5.9202,F2a1t1,NA
2022-Hojo-057_S57,58495.0,6185.0,78.0,0.0,22-Hojo-057,Hojo,327_22_Niig_Pear,22.0,Niig,Pear,2022/9/6,37.935,139.177,5.92898,F2a1t1,F2a1t4
2022-Hojo-058_S58,102144.0,10037.0,25.0,11.0,22-Hojo-058,Hojo,328_22_Niig_Pear,22.0,Niig,Pear,2022/9/6,37.935,139.177,5.92898,F2a1t1,F2a1t4
2022-Hojo-059_S59,97440.0,11018.0,20.0,0.0,22-Hojo-059,Hojo,329_22_Niig_Pear,22.0,Niig,Pear,2022/9/11,37.4,138.58,5.12736,J2z1,NA
2022-Hojo-060_S60,105390.0,11458.0,225.0,9.0,22-Hojo-060,Hojo,330_22_Niig_Pear,22.0,Niig,Pear,2022/9/11,37.4,138.58,5.12736,J2z1,NA
2022-Hojo-061_S61,3469.0,58.0,7.0,0.0,22-Hojo-061,Hojo,331_22_Niig_jpea,22.0,Niig,jpea,2022/10/26,37.4,138.58,5.12736,J2z1,NA
2022-Hojo-062_S62,75830.0,3868.0,88.0,0.0,22-Hojo-062,Hojo,332_22_Niig_jpea,22.0,Niig,jpea,2022/10/26,37.4,138.58,5.12736,J2z1,NA
2022-Hojo-063_S63,47631.0,1588.0,8.0,0.0,22-Hojo-063,Hojo,333_22_Yama_Rice,22.0,Yama,Rice,2022/11/12,38.74597,139.8811,6.99562,F2a1t1,F2a1t1
2022-Hojo-064_S64,102954.0,4937.0,34.0,0.0,22-Hojo-064,Hojo,334_22_Yama_Rice,22.0,Yama,Rice,2022/11/12,38.7435,139.8829,6.99528,F2a1t1,F2a1t1
2022-Hojo-065_S65,82554.0,4953.0,20.0,0.0,22-Hojo-065,Hojo,335_22_Yama_Rice,22.0,Yama,Rice,2022/11/12,38.74495,139.88492,6.99775,F2a1t1,F2a1t1
2022-Hojo-066_S66,96351.0,4655.0,31.0,2.0,22-Hojo-066,Hojo,336_22_Yama_Rice,22.0,Yama,Rice,2022/11/13,38.74284,139.88709,6.99794,F2a2t1,F2a2t1
2022-Hojo-067_S67,84695.0,4100.0,25.0,0.0,22-Hojo-067,Hojo,337_22_Yama_Rice,22.0,Yama,Rice,2022/11/13,38.7427,139.88738,6.99806,F2a2t1,F2a2t1
2022-Hojo-068_S68,58097.0,2392.0,12.0,0.0,22-Hojo-068,Hojo,338_22_Yama_Rice,22.0,Yama,Rice,2022/11/13,38.74264,139.88772,6.99827,F2a2t1,F2a2t1
2022-Hojo-069_S69,86835.0,5007.0,23.0,0.0,22-Hojo-069,Hojo,339_22_Yama_Rice,22.0,Yama,Rice,2022/11/12,38.74443,139.88731,6.99917,F2a2t1,F2a2t1
2022-Hojo-070_S70,92365.0,4384.0,11.0,0.0,22-Hojo-070,Hojo,340_22_Yama_Rice,22.0,Yama,Rice,2022/11/12,38.74486,139.88728,6.99944,F2a2t1,F2a2t1
2022-Hojo-071_S71,63294.0,3089.0,24.0,0.0,22-Hojo-071,Hojo,341_22_Yama_Rice,22.0,Yama,Rice,2022/11/12,38.74389,139.89045,7.00113,F2a2t1,F2a2t1
2022-Hojo-072_S72,67890.0,2930.0,20.0,0.0,22-Hojo-072,Hojo,342_22_Yama_Rice,22.0,Yama,Rice,2022/11/12,38.73498,139.88493,6.99105,F2a2t1,F2a2t1
2022-Hojo-073_S73,109050.0,6432.0,49.0,8.0,22-Hojo-073,Hojo,343_22_Yama_Rice,22.0,Yama,Rice,2022/11/12,38.75241,139.92245,7.03052,F2a1t1,F2a1t1
2022-Hojo-074_S74,81035.0,4175.0,18.0,0.0,22-Hojo-074,Hojo,344_22_Yama_Rice,22.0,Yama,Rice,2022/11/12,38.71465,139.87929,6.97319,F3a7t2,F3a7t2
2022-Hojo-075_S75,108575.0,7073.0,28.0,3.0,22-Hojo-075,Hojo,345_22_Yama_Rice,22.0,Yama,Rice,2022/11/11,38.68227,139.85206,6.93125,F3z1p2,F3z1p2
2022-Hojo-076_S76,84266.0,5041.0,47.0,9.0,22-Hojo-076,Hojo,346_22_Yama_Rice,22.0,Yama,Rice,2022/11/12,38.75247,139.92317,7.03109,F2a1t1,F2a1t1
2022-Hojo-077_S77,115848.0,5617.0,25.0,2.0,22-Hojo-077,Hojo,347_22_Yama_Rice,22.0,Yama,Rice,2022/11/12,38.88282,139.94131,7.13229,D2z1y1,D2z1y1
2022-Hojo-078_S78,73402.0,7242.0,28.0,4.0,22-Hojo-078,Hojo,348_22_Sait_Pear,22.0,Sait,Pear,2022/9/22,36.24771,139.10625,4.7404,F5z1y1,F5z1y1
2022-Hojo-079_S79,91844.0,9498.0,66.0,0.0,22-Hojo-079,Hojo,349_22_Sait_Pear,22.0,Sait,Pear,2022/9/22,36.24134,139.10462,4.73491,F5z1y1,NA
2022-Hojo-080_S80,73645.0,11139.0,26.0,3.0,22-Hojo-080,Hojo,350_22_Sait_Pear,22.0,Sait,Pear,2022/9/22,36.24377,139.10651,4.73794,F3z1p2,F3z1p2
2022-Hojo-081_S81,71955.0,4296.0,44.0,0.0,22-Hojo-081,Hojo,351_22_Sait_Pear,22.0,Sait,Pear,2022/9/22,36.24347,139.10699,4.7381,F3z1p2,NA
2022-Hojo-082_S82,49328.0,2383.0,16.0,0.0,22-Hojo-082,Hojo,352_22_Sait_Pear,22.0,Sait,Pear,2022/9/22,36.24393,139.10677,4.73824,F3z1p2,F3z1p2
2022-Hojo-083_S83,76550.0,8180.0,24.0,3.0,22-Hojo-083,Hojo,353_22_Sait_Pear,22.0,Sait,Pear,2022/9/22,36.23925,139.10808,4.73606,F3z1p2,F3z1p2
2022-Hojo-084_S84,90068.0,10760.0,38.0,3.0,22-Hojo-084,Hojo,354_22_Sait_Pear,22.0,Sait,Pear,2022/9/22,36.23959,139.10812,4.73632,F3z1p2,F3z1p2
2022-Hojo-085_S85,2218.0,246.0,0.0,0.0,22-Hojo-085,Hojo,355_22_Sait_Pear,22.0,Sait,Pear,2022/9/22,36.23915,139.10371,4.73276,F3z1p2,F3z1p2
2022-Hojo-086_S86,94272.0,13648.0,33.0,8.0,22-Hojo-086,Hojo,356_22_Sait_Pear,22.0,Sait,Pear,2022/9/22,36.24075,139.10334,4.73357,F3z1p2,NA
2022-Hojo-087_S87,75577.0,9246.0,17.0,0.0,22-Hojo-087,Hojo,357_22_Sait_Pear,22.0,Sait,Pear,2022/9/22,36.23867,139.10534,4.73364,F3z1p2,NA
2022-Hojo-088_S88,68038.0,6933.0,36.0,2.0,22-Hojo-088,Hojo,358_22_Sait_Pear,22.0,Sait,Pear,2022/9/22,36.23869,139.10507,4.73346,F3z1p2,NA
2022-Hojo-089_S89,53584.0,4222.0,10.0,0.0,22-Hojo-089,Hojo,359_22_Sait_Pear,22.0,Sait,Pear,2022/9/22,36.23881,139.10463,4.73321,F3z1p2,NA
2022-Hojo-090_S90,39966.0,1311.0,11.0,0.0,22-Hojo-090,Hojo,360_22_Miee_Soyb,22.0,Miee,Soyb,2022/10/24,34.87556,136.49489,1.88591,F2a1p2,F2a1p2
2022-Hojo-091_S91,81759.0,1835.0,46.0,0.0,22-Hojo-091,Hojo,361_22_Miee_Soyb,22.0,Miee,Soyb,2022/10/24,34.87585,136.4946,1.88589,F2a1p2,F2a1p2
2022-Hojo-092_S92,87542.0,3218.0,13.0,4.0,22-Hojo-092,Hojo,362_22_Miee_Soyb,22.0,Miee,Soyb,2022/10/24,34.87649,136.50251,1.89217,F3z1t2,F3z1t4
2022-Hojo-093_S93,6180.0,176.0,0.0,0.0,22-Hojo-093,Hojo,363_22_Miee_Soyb,22.0,Miee,Soyb,2022/10/24,34.87701,136.50291,1.89281,F3z1t4,F3z1t4
2022-Hojo-094_S94,90573.0,2693.0,9.0,0.0,22-Hojo-094,Hojo,364_22_Miee_Soyb,22.0,Miee,Soyb,2022/10/24,34.87666,136.50509,1.89419,F3z1t2,F3z1t2
2022-Hojo-095_S95,59496.0,1587.0,13.0,2.0,22-Hojo-095,Hojo,365_22_Miee_Soyb,22.0,Miee,Soyb,2022/10/24,34.88127,136.50933,1.90043,F3z1t4,F3z1t4
2022-Hojo-096_S96,116793.0,2927.0,34.0,2.0,22-Hojo-096,Hojo,366_22_Miee_Soyb,22.0,Miee,Soyb,2022/10/24,34.8808,136.50878,1.8997,F3z1t4,F3z1t4
2022-Hojo-097_S97,65248.0,1471.0,10.0,0.0,22-Hojo-097,Hojo,367_22_Miee_Soyb,22.0,Miee,Soyb,2022/10/24,34.88546,136.51658,1.90861,D3h1v4,D3h1v4
2022-Hojo-098_S98,86165.0,2068.0,19.0,0.0,22-Hojo-098,Hojo,368_22_Miee_Soyb,22.0,Miee,Soyb,2022/10/24,34.88456,136.5153,1.90706,D3h1v4,D3h1v4
2022-Hojo-099_S99,84252.0,1897.0,35.0,0.0,22-Hojo-099,Hojo,369_22_Miee_Soyb,22.0,Miee,Soyb,2022/10/24,34.88426,136.51551,1.90701,F1j6p2,F1z1t1
2022-Hojo-100_S100,87264.0,1507.0,17.0,0.0,22-Hojo-100,Hojo,370_22_Miee_Soyb,22.0,Miee,Soyb,2022/10/24,34.8873,136.51608,1.90948,D3h1v4,D3h1v4
2022-Hojo-101_S101,7964.0,102.0,0.0,0.0,22-Hojo-101,Hojo,371_22_Miee_Soyb,22.0,Miee,Soyb,2022/10/24,34.8979,136.49063,1.8978,D5h1v3,NA
2022-Hojo-102_S102,55024.0,855.0,12.0,0.0,22-Hojo-102,Hojo,372_22_Miee_Soyb,22.0,Miee,Soyb,2022/10/24,34.89806,136.48967,1.8972,D5h1v3,D5h1v3
2022-Hojo-103_S103,41296.0,508.0,0.0,0.0,22-Hojo-103,Hojo,373_22_Miee_Soyb,22.0,Miee,Soyb,2022/10/24,34.91457,136.51298,1.92555,D3z1y1,D3z1y1
2022-Hojo-104_S104,85495.0,1752.0,18.0,2.0,22-Hojo-104,Hojo,374_22_Miee_Soyb,22.0,Miee,Soyb,2022/10/25,34.91284,136.51432,1.92538,F3z1t4,F3z1t4
